A Number,First Name,Last Name,Birthdate,Country Of Origin,Gender,Port of Entry,Digitized Flag
230187007,Georg,Issatt,9/7/1957,Colombia,Genderqueer,"Rio Grande City, Texas - 2307",false
434359959,Maggy,Priddie,11/29/1966,United States,Genderfluid,"Albuquerque, New Mexico - 2407",false
674266047,Rriocard,Murby,10/17/1950,Philippines,Male,"Buffalo, New York - 0901",false
240387656,Sigmund,Sappell,11/9/1999,Canada,Agender,"Nogales, Arizona - 2604",false
570407737,Sarita,Cromblehome,6/26/1989,United States,Genderfluid,"Buffalo, New York - 0901",true
221054903,Verge,Le - Count,9/11/1967,Sweden,Non-binary,"Albuquerque, New Mexico - 2407",true
354243156,Rodney,Matthews,1/9/1953,China,Male,"Rio Grande City, Texas - 2307",true
840134719,Melitta,Buzine,5/19/1972,Syria,Polygender,"Calexico East - Class A, California - 2507",false
840309430,Woodie,Tocque,5/1/1989,Indonesia,Polygender,"Tucson, Arizona - 2609",false
609269719,Ignazio,Mustin,11/17/1965,Portugal,Male,"Calexico East - Class A, California - 2507",false
745643714,Levon,Dusting,11/24/1991,Sweden,Male,"Tucson, Arizona - 2609",true
906724980,Ashleigh,Casserley,10/15/1995,Indonesia,Polygender,"Rio Grande City, Texas - 2307",true
689546012,Zarah,Metcalfe,8/10/1977,Uruguay,Non-binary,"Albuquerque, New Mexico - 2407",false
961832993,Andreana,Breagan,5/7/1974,Ukraine,Bigender,"Calexico East - Class A, California - 2507",true
260030645,Samuel,Hanton,4/13/1962,France,Non-binary,"Albuquerque, New Mexico - 2407",true
190727779,Seumas,McKenney,1/6/1960,Indonesia,Genderqueer,"Calexico East - Class A, California - 2507",false
631548606,Tina,Lack,1/28/1951,Chile,Male,"Rio Grande City, Texas - 2307",false
148426602,Kristofor,Rops,12/20/1964,Bolivia,Non-binary,"Tucson, Arizona - 2609",true
440786304,Esme,Golton,6/23/1950,China,Agender,"Buffalo, New York - 0901",true
364897852,Daniella,Liepina,4/13/1977,China,Non-binary,"Tucson, Arizona - 2609",true
879022671,Ivar,Everist,12/14/1967,Qatar,Genderfluid,"Rio Grande City, Texas - 2307",true
229495349,Kerr,Kerfut,2/10/1989,Netherlands,Genderfluid,"Nogales, Arizona - 2604",false
748638683,Nance,Entwisle,2/2/1978,Colombia,Female,"Nogales, Arizona - 2604",true
864834367,Berti,Bowhay,1/10/1986,Peru,Polygender,"Rio Grande City, Texas - 2307",true
102530606,Dennet,Oake,11/7/1950,Philippines,Bigender,"Nogales, Arizona - 2604",true
156548313,Jeno,Marquet,10/14/1978,Philippines,Bigender,"Buffalo, New York - 0901",false
445552903,Zachariah,Tydd,8/28/1980,Indonesia,Female,"Buffalo, New York - 0901",true
921445740,Karlotta,Bamell,5/2/1959,China,Female,"Nogales, Arizona - 2604",false
707743289,Jessa,Mahady,4/11/1952,China,Polygender,"Amarillo, Texas - 5502",true
397206040,Thorstein,Chern,3/6/1972,Philippines,Agender,"Tucson, Arizona - 2609",true
594811798,Pren,Spellicy,2/6/1985,Canada,Polygender,"Buffalo, New York - 0901",true
243980628,Brit,Bromley,1/22/1971,Argentina,Genderqueer,"Buffalo, New York - 0901",false
996508792,Alano,Amort,4/21/1984,China,Genderqueer,"Albuquerque, New Mexico - 2407",false
218232519,Torre,Boyat,7/22/1958,Myanmar,Genderqueer,"Buffalo, New York - 0901",true
940484330,Demetra,Liffe,2/15/1955,Iceland,Female,"Albuquerque, New Mexico - 2407",true
341362170,Kellby,Banting,12/30/1999,Ukraine,Non-binary,"Tucson, Arizona - 2609",true
819926593,Ethelind,Pensom,5/19/1995,Brazil,Genderfluid,"Buffalo, New York - 0901",true
429157338,Waring,Ovendale,6/2/1975,China,Non-binary,"Nogales, Arizona - 2604",true
957619264,Nanice,Bocke,11/26/1952,Cuba,Non-binary,"Amarillo, Texas - 5502",true
508792396,Colin,Linneman,1/9/1973,Austria,Male,"Nogales, Arizona - 2604",false
932752831,Pamela,Bartoszek,9/26/1971,Brazil,Agender,"Rio Grande City, Texas - 2307",true
842239345,Brendis,Gillhespy,10/2/1975,Peru,Genderqueer,"Rio Grande City, Texas - 2307",false
597988896,Corty,Grime,7/19/1959,Sweden,Bigender,"Rio Grande City, Texas - 2307",false
177265802,Henrietta,Cattermole,6/19/1982,Russia,Bigender,"Tucson, Arizona - 2609",true
566555433,Rustin,Lillgard,9/7/1963,Tunisia,Female,"Nogales, Arizona - 2604",true
449415053,Ashley,Quilleash,12/4/1994,Cameroon,Bigender,"Calexico East - Class A, California - 2507",true
880967833,Erskine,Bussons,6/11/1959,Brazil,Non-binary,"Tucson, Arizona - 2609",true
587075382,Camella,Tooze,7/31/1950,Indonesia,Genderfluid,"Tucson, Arizona - 2609",false
442758454,Ebony,Anfrey,3/27/1967,Ivory Coast,Genderqueer,"Nogales, Arizona - 2604",false
150472494,Sarajane,De La Hay,10/7/1968,China,Female,"Albuquerque, New Mexico - 2407",true
597680379,Mahmoud,Kidney,1/3/1984,Indonesia,Non-binary,"Albuquerque, New Mexico - 2407",false
440927386,West,Bowcock,7/22/1980,China,Non-binary,"Amarillo, Texas - 5502",true
504262559,Auberon,Gandrich,7/21/1960,Philippines,Non-binary,"Albuquerque, New Mexico - 2407",false
898109015,Glori,Sarsons,7/31/1996,Indonesia,Female,"Rio Grande City, Texas - 2307",true
708620518,Bree,Schutt,1/23/1974,Philippines,Polygender,"Amarillo, Texas - 5502",false
224709861,Stirling,Smeuin,9/18/1967,China,Bigender,"Tucson, Arizona - 2609",false
253108029,Mignonne,Chapelhow,6/17/1992,Indonesia,Male,"Amarillo, Texas - 5502",true
362402510,Gael,Olcot,7/12/1998,Namibia,Non-binary,"Amarillo, Texas - 5502",false
902727188,Derrik,Foxton,7/29/1961,Poland,Agender,"Amarillo, Texas - 5502",true
221186127,Annabella,Marshall,1/10/1977,China,Male,"Albuquerque, New Mexico - 2407",true
104377463,Anabel,Lechelle,7/12/1964,Philippines,Male,"Calexico East - Class A, California - 2507",true
794329434,Richmond,Cuppitt,9/22/1956,Sudan,Non-binary,"Rio Grande City, Texas - 2307",false
442391739,Chiarra,Curtois,11/14/1978,Portugal,Non-binary,"Calexico East - Class A, California - 2507",true
962061137,Cristine,Aucoate,9/12/1984,China,Non-binary,"Amarillo, Texas - 5502",true
119717092,Auberta,Langworthy,5/16/1967,Colombia,Genderqueer,"Tucson, Arizona - 2609",true
362442942,Ludwig,Edmonds,5/1/1961,Canada,Polygender,"Tucson, Arizona - 2609",true
416369328,Cathyleen,Schimpke,6/7/1961,Brazil,Bigender,"Tucson, Arizona - 2609",false
307307169,Dulcinea,Uccello,8/31/1954,Portugal,Polygender,"Amarillo, Texas - 5502",true
740307437,Edsel,Loggie,5/11/1982,Malawi,Genderqueer,"Nogales, Arizona - 2604",false
126230680,Corinne,Haining,4/15/1974,Indonesia,Non-binary,"Rio Grande City, Texas - 2307",false
628065977,Micki,Duckworth,1/7/1992,Costa Rica,Polygender,"Nogales, Arizona - 2604",false
159573711,Heriberto,Louden,5/27/1965,Indonesia,Genderfluid,"Amarillo, Texas - 5502",true
341434294,Ermina,Flacke,11/23/1953,Morocco,Genderfluid,"Rio Grande City, Texas - 2307",true
791719643,Salomon,Gentner,3/18/1963,Russia,Non-binary,"Tucson, Arizona - 2609",true
231847184,Ranique,Whiteside,7/10/1996,Argentina,Polygender,"Albuquerque, New Mexico - 2407",true
806692222,William,Swin,10/22/1960,China,Non-binary,"Albuquerque, New Mexico - 2407",true
359810598,Ferrell,McGlaughn,8/4/1997,Malawi,Female,"Rio Grande City, Texas - 2307",true
899819021,Angie,Hallatt,3/7/1999,Mexico,Agender,"Rio Grande City, Texas - 2307",true
745560920,Kelsey,Shaul,3/16/1956,China,Genderqueer,"Amarillo, Texas - 5502",true
325426280,Joana,Becke,12/13/1998,Ukraine,Agender,"Amarillo, Texas - 5502",false
130660283,Junette,Ondrak,2/21/1952,Poland,Agender,"Nogales, Arizona - 2604",true
932355654,Abelard,Jaray,6/11/1954,Indonesia,Male,"Tucson, Arizona - 2609",false
124437547,Gayle,Werrit,7/6/1964,Sweden,Bigender,"Amarillo, Texas - 5502",false
261009068,Rosene,Logan,10/19/1987,China,Female,"Nogales, Arizona - 2604",true
792223506,Legra,Itzhayek,12/1/1986,China,Genderqueer,"Rio Grande City, Texas - 2307",false
852210157,Filberte,Skinn,6/10/1964,Argentina,Genderqueer,"Rio Grande City, Texas - 2307",true
816753777,Carlie,Gerold,8/17/1986,Brazil,Bigender,"Amarillo, Texas - 5502",true
161348818,Brantley,Crossthwaite,6/25/1958,Argentina,Polygender,"Tucson, Arizona - 2609",true
568249020,Effie,Matej,1/19/1967,Colombia,Non-binary,"Calexico East - Class A, California - 2507",false
488249957,Bevon,Childerhouse,11/15/1976,Micronesia,Female,"Tucson, Arizona - 2609",true
625657606,Norby,Whitlam,2/2/1952,China,Female,"Tucson, Arizona - 2609",false
617660105,Joly,Pietruszka,10/19/1961,Poland,Genderfluid,"Albuquerque, New Mexico - 2407",true
932223525,Timothea,Ockendon,7/15/1992,Indonesia,Bigender,"Rio Grande City, Texas - 2307",false
952825200,Rubie,Nutty,3/23/1968,United States,Male,"Calexico East - Class A, California - 2507",true
443451256,Corby,Garred,1/23/1976,Philippines,Non-binary,"Albuquerque, New Mexico - 2407",false
821295730,Cassondra,Constantine,4/17/1982,Nigeria,Polygender,"Calexico East - Class A, California - 2507",false
369036837,Noemi,Lack,5/24/1983,China,Bigender,"Nogales, Arizona - 2604",false
759930631,Phaedra,Deer,8/9/1991,Poland,Non-binary,"Calexico East - Class A, California - 2507",true
858560720,Errol,Quartly,1/15/1952,Colombia,Male,"Albuquerque, New Mexico - 2407",false
714634294,Deloris,Heaney,2/3/1960,Russia,Bigender,"Amarillo, Texas - 5502",true
593186261,Rriocard,Radborne,6/12/1959,Philippines,Non-binary,"Buffalo, New York - 0901",true
296394915,Candice,Bealing,8/16/1995,Serbia,Bigender,"Nogales, Arizona - 2604",false
831457716,Baron,Thornally,9/13/1994,Cyprus,Non-binary,"Buffalo, New York - 0901",false
533645869,Beauregard,Keaveny,6/21/1981,Philippines,Male,"Nogales, Arizona - 2604",false
692687096,Devland,Rusling,12/5/1974,Kazakhstan,Female,"Buffalo, New York - 0901",false
158163035,Klaus,Hounihan,1/16/1971,Argentina,Genderfluid,"Nogales, Arizona - 2604",true
316977236,Trish,Cloney,11/15/1989,Netherlands,Polygender,"Buffalo, New York - 0901",false
235900057,Pauly,Beadnell,7/25/1977,Brazil,Male,"Nogales, Arizona - 2604",false
326340454,Kally,Philipard,10/21/1983,Ukraine,Genderqueer,"Calexico East - Class A, California - 2507",false
339527121,Linus,Vasilechko,9/25/1996,Mexico,Male,"Albuquerque, New Mexico - 2407",true
967054945,Raffarty,Robart,1/21/1969,Afghanistan,Polygender,"Nogales, Arizona - 2604",true
900465370,Deonne,MacMenemy,7/21/1962,Poland,Genderqueer,"Tucson, Arizona - 2609",false
168320683,Kira,Ledgard,7/1/1998,Russia,Bigender,"Buffalo, New York - 0901",false
811625241,Ajay,Vaudre,6/11/1969,China,Polygender,"Albuquerque, New Mexico - 2407",true
334589979,Dante,Shelmardine,3/3/1964,Indonesia,Male,"Rio Grande City, Texas - 2307",false
574943234,Elsinore,Phythean,7/27/1951,Indonesia,Genderqueer,"Rio Grande City, Texas - 2307",false
284479886,Barbey,Arndell,4/23/1973,China,Genderqueer,"Nogales, Arizona - 2604",false
192150809,Ennis,Paik,7/11/1967,Nigeria,Male,"Buffalo, New York - 0901",false
674739847,Happy,Knowles,11/16/1959,Indonesia,Agender,"Amarillo, Texas - 5502",true
480308448,Tierney,Collumbine,8/1/1981,Norway,Non-binary,"Amarillo, Texas - 5502",true
302768527,Bancroft,McIlhagga,3/3/1964,Aruba,Genderfluid,"Rio Grande City, Texas - 2307",true
876254951,Clarita,Evill,10/11/1954,Kyrgyzstan,Male,"Nogales, Arizona - 2604",true
577579604,Nissie,Hugonnet,12/13/1986,United States,Polygender,"Amarillo, Texas - 5502",false
597579260,Tawsha,Hurdwell,9/5/1953,France,Genderfluid,"Buffalo, New York - 0901",true
436692094,Gwenette,Gilling,5/10/1955,Egypt,Male,"Calexico East - Class A, California - 2507",true
421010486,Lucy,Corrin,5/28/1993,China,Genderfluid,"Nogales, Arizona - 2604",false
669133660,Nelli,Rocca,8/18/1990,United States,Genderfluid,"Buffalo, New York - 0901",true
706102765,Cristal,Kollaschek,2/20/1993,Brazil,Polygender,"Amarillo, Texas - 5502",false
713389870,Isabel,Diben,8/17/1996,Indonesia,Polygender,"Nogales, Arizona - 2604",true
114936944,Chere,Raiker,9/22/1971,China,Genderfluid,"Buffalo, New York - 0901",false
514868552,Duky,Giannassi,4/20/1972,Niger,Genderfluid,"Amarillo, Texas - 5502",false
967326759,Remington,Drakes,11/11/1953,China,Non-binary,"Buffalo, New York - 0901",true
213476567,Garrek,Degoey,2/20/1986,Bulgaria,Agender,"Tucson, Arizona - 2609",true
959917052,Emmalynn,Coen,8/16/1999,Armenia,Female,"Buffalo, New York - 0901",false
817302402,Teddie,Restall,8/12/1963,Philippines,Genderqueer,"Tucson, Arizona - 2609",false
637274234,Kendre,Josifovitz,2/8/1965,Philippines,Genderqueer,"Nogales, Arizona - 2604",false
169360124,Sallee,Rubens,8/29/1956,China,Male,"Rio Grande City, Texas - 2307",false
174637091,Sidney,Porter,6/30/1982,Malaysia,Female,"Calexico East - Class A, California - 2507",false
883318455,Barnie,Jozefiak,6/15/1956,Slovenia,Genderfluid,"Tucson, Arizona - 2609",true
313600965,Phyllida,Hazelgreave,12/7/1965,Russia,Bigender,"Rio Grande City, Texas - 2307",true
281171754,Orlando,Franklin,6/19/1971,China,Polygender,"Calexico East - Class A, California - 2507",true
992608774,Farand,Dionsetti,10/28/1983,Russia,Non-binary,"Buffalo, New York - 0901",true
421352147,Jamima,Screen,6/19/1971,Ireland,Non-binary,"Rio Grande City, Texas - 2307",true
714178956,Augustina,Romans,2/19/1965,Sweden,Polygender,"Nogales, Arizona - 2604",true
202046773,Carlee,Toller,10/25/1999,China,Genderfluid,"Buffalo, New York - 0901",true
956349908,Amerigo,Terbeck,11/27/1984,Indonesia,Female,"Nogales, Arizona - 2604",true
203365112,Lorinda,Daunay,11/7/1982,Vietnam,Agender,"Tucson, Arizona - 2609",false
708603328,Marice,De Lacey,3/6/1950,China,Genderfluid,"Albuquerque, New Mexico - 2407",true
538332898,Aundrea,Waberer,4/3/1951,Ethiopia,Male,"Tucson, Arizona - 2609",true
378930239,Russ,Peacocke,3/14/1970,Indonesia,Genderfluid,"Tucson, Arizona - 2609",true
300746797,Anica,Hurrion,8/18/1980,Uganda,Genderqueer,"Rio Grande City, Texas - 2307",true
850793936,Joete,O'Hartigan,8/27/1966,Thailand,Genderqueer,"Albuquerque, New Mexico - 2407",true
547834689,Zorana,Blodget,8/5/1976,China,Polygender,"Rio Grande City, Texas - 2307",true
794014489,Jasmine,Garn,1/27/1989,Indonesia,Polygender,"Amarillo, Texas - 5502",true
118901975,Hube,Tieraney,3/7/1979,Indonesia,Non-binary,"Calexico East - Class A, California - 2507",true
170196861,Virginia,Haggarty,5/16/1982,El Salvador,Bigender,"Calexico East - Class A, California - 2507",false
530565137,Ernestus,Matuszynski,1/5/1985,Portugal,Genderfluid,"Nogales, Arizona - 2604",true
724597865,Devonna,Ronchi,2/19/1953,China,Polygender,"Nogales, Arizona - 2604",true
635153439,Lida,Dreus,9/7/1973,China,Genderqueer,"Amarillo, Texas - 5502",true
558031127,Haleigh,Soda,8/21/1996,Dominican Republic,Male,"Rio Grande City, Texas - 2307",false
773376939,Boonie,Gunston,5/24/1982,Philippines,Genderfluid,"Buffalo, New York - 0901",true
849638340,Beilul,Older,10/19/1968,Ukraine,Female,"Nogales, Arizona - 2604",true
128491665,Matilda,Scrowson,6/8/1991,Philippines,Genderfluid,"Nogales, Arizona - 2604",false
360198113,Kristy,Ledford,1/13/1954,Brazil,Genderfluid,"Nogales, Arizona - 2604",true
870476060,Arvie,Barnett,7/2/1956,Philippines,Genderfluid,"Buffalo, New York - 0901",true
772545071,Nissy,Vyel,1/17/1957,Indonesia,Bigender,"Albuquerque, New Mexico - 2407",true
586518415,Terrie,Denmead,5/16/1978,Namibia,Male,"Tucson, Arizona - 2609",true
715237699,Goddart,Stopp,2/13/1994,Japan,Female,"Tucson, Arizona - 2609",true
573739034,Evelin,de Najera,11/11/1956,China,Bigender,"Buffalo, New York - 0901",true
768973386,Kendra,Jacks,1/2/1969,China,Genderfluid,"Nogales, Arizona - 2604",true
345030159,Harlene,Boc,12/13/1952,Russia,Bigender,"Tucson, Arizona - 2609",true
347122016,Boniface,Mahady,11/20/1991,China,Polygender,"Tucson, Arizona - 2609",true
262944118,Meryl,Possa,1/18/1985,Indonesia,Agender,"Rio Grande City, Texas - 2307",true
864468074,Guinna,Beric,8/24/1969,Mauritius,Genderqueer,"Tucson, Arizona - 2609",true
197713158,Shani,Cheyenne,4/9/1973,Brazil,Female,"Buffalo, New York - 0901",true
587885037,Mei,Adamini,10/26/1971,France,Non-binary,"Tucson, Arizona - 2609",true
902081618,Sapphira,Basham,11/12/1999,Greece,Female,"Albuquerque, New Mexico - 2407",false
888838249,Clareta,Marchant,3/9/1976,Russia,Female,"Albuquerque, New Mexico - 2407",true
373613790,Shelbi,Giacobini,9/3/1952,Indonesia,Genderfluid,"Calexico East - Class A, California - 2507",false
212858351,Sioux,Busch,3/28/1956,Haiti,Genderqueer,"Nogales, Arizona - 2604",true
114977335,Ginevra,Emeny,8/1/1961,France,Bigender,"Albuquerque, New Mexico - 2407",true
858207988,Irvin,Works,7/11/1985,Botswana,Genderfluid,"Amarillo, Texas - 5502",true
911015242,Romona,Brandt,11/7/1991,China,Polygender,"Albuquerque, New Mexico - 2407",false
257984442,Selena,Cordy,8/16/1958,Peru,Genderfluid,"Nogales, Arizona - 2604",true
549567356,Xavier,Budibent,5/21/1973,Sweden,Genderfluid,"Nogales, Arizona - 2604",true
178250232,Vida,Gwyer,5/16/1989,Philippines,Bigender,"Calexico East - Class A, California - 2507",false
339538678,Hally,Mapis,10/20/1969,Indonesia,Non-binary,"Buffalo, New York - 0901",true
994232787,Robbie,Temblett,7/26/1980,Russia,Non-binary,"Albuquerque, New Mexico - 2407",true
333586280,Kaylil,Belsher,3/9/1956,Croatia,Male,"Calexico East - Class A, California - 2507",false
216414657,Jaye,Wort,5/9/1953,Portugal,Genderfluid,"Tucson, Arizona - 2609",true
582859561,Robyn,Flockhart,10/3/1963,China,Genderfluid,"Nogales, Arizona - 2604",true
423314590,Gian,Beacroft,7/9/1957,Swaziland,Genderqueer,"Nogales, Arizona - 2604",false
341953886,Taber,Gandley,2/19/1994,Brazil,Bigender,"Amarillo, Texas - 5502",false
509740760,Josefina,Faers,5/30/1990,Philippines,Bigender,"Amarillo, Texas - 5502",false
281868363,Gibbie,Schuster,12/6/1996,Indonesia,Polygender,"Buffalo, New York - 0901",false
898225792,Dore,Matevushev,8/31/1959,Mexico,Genderfluid,"Nogales, Arizona - 2604",true
475121090,Eugenie,Sackes,10/23/1971,East Timor,Bigender,"Albuquerque, New Mexico - 2407",false
503156726,Raynor,Beetlestone,11/15/1999,China,Female,"Nogales, Arizona - 2604",true
169753810,Morse,Risso,7/3/1965,China,Genderqueer,"Rio Grande City, Texas - 2307",true
934679344,Janelle,Pallatina,3/19/1967,China,Polygender,"Albuquerque, New Mexico - 2407",true
575082916,Daisie,McAvinchey,11/4/1989,Indonesia,Female,"Buffalo, New York - 0901",false
588504978,Junette,Wortley,10/30/1991,Bolivia,Male,"Buffalo, New York - 0901",false
755769152,Pippy,Giffen,7/25/1973,Venezuela,Male,"Tucson, Arizona - 2609",false
670990812,Rica,Tohill,5/22/1969,Germany,Polygender,"Albuquerque, New Mexico - 2407",false
583468303,Irwinn,Jorden,8/30/1956,Russia,Polygender,"Tucson, Arizona - 2609",true
806333796,Wash,Winckworth,10/3/1982,Iran,Agender,"Amarillo, Texas - 5502",true
360828340,Mariquilla,Anyene,2/10/1976,Russia,Bigender,"Buffalo, New York - 0901",false
423041703,Ab,Hundal,11/19/1950,Colombia,Male,"Rio Grande City, Texas - 2307",false
769102765,Bird,Admans,1/2/1979,Indonesia,Bigender,"Rio Grande City, Texas - 2307",true
303599379,Violante,Wayon,7/25/1960,Tunisia,Genderqueer,"Albuquerque, New Mexico - 2407",false
982310453,Fleurette,Risebarer,11/9/1996,Russia,Bigender,"Amarillo, Texas - 5502",false
592514474,Roxie,Arcase,3/31/1952,Philippines,Female,"Amarillo, Texas - 5502",true
204186120,Desirae,Huddle,5/20/1966,Russia,Non-binary,"Calexico East - Class A, California - 2507",false
430249587,Erasmus,Bloggett,9/23/1954,Indonesia,Genderfluid,"Albuquerque, New Mexico - 2407",true
840546575,Brok,Keppin,12/4/1965,Tajikistan,Male,"Tucson, Arizona - 2609",false
507816619,Alys,Hammon,2/7/1990,China,Female,"Albuquerque, New Mexico - 2407",true
128715282,Sheri,Larrie,7/20/1991,China,Non-binary,"Amarillo, Texas - 5502",true
849558220,Neala,McEneny,4/18/1950,China,Genderqueer,"Albuquerque, New Mexico - 2407",false
637093884,Bentley,Mandell,7/7/1955,Philippines,Female,"Buffalo, New York - 0901",false
834513061,Anjela,Graeser,7/4/1987,Russia,Polygender,"Rio Grande City, Texas - 2307",false
739590332,Barbette,Standering,10/18/1987,Ukraine,Genderfluid,"Albuquerque, New Mexico - 2407",false
340031612,Clerissa,Ben,2/6/1956,Portugal,Non-binary,"Tucson, Arizona - 2609",false
209246907,Adelle,King,10/24/1984,Morocco,Non-binary,"Rio Grande City, Texas - 2307",true
564492514,Lyndel,Hardwicke,5/2/1965,Ukraine,Genderqueer,"Nogales, Arizona - 2604",true
766727703,Ruperto,Mannin,10/10/1979,China,Polygender,"Albuquerque, New Mexico - 2407",true
702846269,Helena,Kaasman,6/17/1967,Sweden,Female,"Calexico East - Class A, California - 2507",false
446045748,Collen,Cristoforetti,1/12/1953,Indonesia,Genderqueer,"Buffalo, New York - 0901",false
900877944,Nannie,Nellis,6/19/1958,China,Female,"Tucson, Arizona - 2609",true
629220390,Elfie,Pimbley,8/7/1986,Latvia,Polygender,"Albuquerque, New Mexico - 2407",true
640331761,Booth,Inglese,5/20/1955,Russia,Genderfluid,"Rio Grande City, Texas - 2307",false
267609970,Camel,McNicol,11/28/1953,China,Genderqueer,"Calexico East - Class A, California - 2507",true
342102767,Marcelia,Garfirth,6/11/1988,China,Genderqueer,"Tucson, Arizona - 2609",true
102545743,Frederik,Slaght,1/16/1955,Guatemala,Bigender,"Buffalo, New York - 0901",false
274274155,Flory,Slocum,12/20/1971,South Africa,Polygender,"Tucson, Arizona - 2609",true
894687972,Bebe,Signe,11/21/1970,China,Genderfluid,"Nogales, Arizona - 2604",true
215367627,Aindrea,Emblow,12/15/1968,Poland,Agender,"Calexico East - Class A, California - 2507",true
875934688,Garey,Francello,11/27/1996,China,Genderqueer,"Nogales, Arizona - 2604",false
850383421,Eda,Storre,9/28/1950,China,Genderqueer,"Tucson, Arizona - 2609",false
226288759,Ezra,Kinchin,8/2/1953,France,Genderqueer,"Buffalo, New York - 0901",true
614443071,Cecil,Radnage,4/7/1961,Indonesia,Non-binary,"Tucson, Arizona - 2609",true
246628856,Lennard,Bastide,4/19/1967,Brazil,Female,"Albuquerque, New Mexico - 2407",false
176254950,Christoffer,Redhole,7/21/1968,Argentina,Polygender,"Calexico East - Class A, California - 2507",false
967710206,Mikaela,Hawkey,5/3/1984,Philippines,Female,"Tucson, Arizona - 2609",false
446985142,Kristo,Varah,4/27/1982,Ecuador,Non-binary,"Calexico East - Class A, California - 2507",true
826001253,Ferris,Hazlegrove,10/1/1957,Indonesia,Genderfluid,"Calexico East - Class A, California - 2507",false
558957749,Laurice,Clucas,11/10/1962,Indonesia,Genderfluid,"Calexico East - Class A, California - 2507",true
112944860,Nikolia,Levene,10/26/1950,Indonesia,Polygender,"Tucson, Arizona - 2609",false
906549873,Rosabella,Iacovuzzi,10/28/1977,Chile,Male,"Albuquerque, New Mexico - 2407",false
563881327,Cate,Side,4/28/1989,Portugal,Female,"Albuquerque, New Mexico - 2407",false
104425019,Noe,Couves,7/3/1968,South Korea,Genderqueer,"Amarillo, Texas - 5502",true
111221194,Bette,McGilben,12/17/1968,France,Non-binary,"Tucson, Arizona - 2609",true
488241976,Ofilia,Richford,5/4/1952,Indonesia,Bigender,"Buffalo, New York - 0901",false
637675695,Klarrisa,Talks,10/24/1987,Cameroon,Genderqueer,"Nogales, Arizona - 2604",true
889487307,Ethelda,Norvill,8/29/1957,China,Non-binary,"Buffalo, New York - 0901",false
335144029,Conney,Doleman,11/10/1999,Mexico,Bigender,"Nogales, Arizona - 2604",true
307974454,Roana,Cutmare,10/30/1976,Venezuela,Female,"Albuquerque, New Mexico - 2407",true
976481437,Stacia,Gibling,3/20/1970,Poland,Agender,"Buffalo, New York - 0901",true
471324578,Bertrand,Rosewarne,1/21/1960,Albania,Genderfluid,"Albuquerque, New Mexico - 2407",true
677748956,Bourke,Blezard,5/31/1987,China,Genderfluid,"Calexico East - Class A, California - 2507",true
711307444,Horatio,Glendining,6/6/1952,South Africa,Bigender,"Rio Grande City, Texas - 2307",true
629972420,Leandra,Aronstein,11/4/1995,China,Bigender,"Nogales, Arizona - 2604",true
307923043,Erik,Claw,6/13/1969,Czech Republic,Female,"Buffalo, New York - 0901",false
108392392,Natassia,Fulger,4/25/1985,France,Bigender,"Amarillo, Texas - 5502",false
624817737,Wandie,De Maine,3/20/1957,Russia,Bigender,"Nogales, Arizona - 2604",false
954301531,Andonis,Jennison,1/5/1998,Poland,Bigender,"Tucson, Arizona - 2609",true
943808173,Arney,Schober,11/12/1990,South Africa,Genderqueer,"Nogales, Arizona - 2604",false
933967118,Billie,Krale,9/15/1980,Poland,Genderqueer,"Buffalo, New York - 0901",false
171684864,Demetra,Jagoe,10/3/1955,China,Bigender,"Albuquerque, New Mexico - 2407",false
747678644,Sandie,Stot,8/26/1984,Mexico,Genderqueer,"Amarillo, Texas - 5502",true
802704720,Johan,O'Longain,9/13/1985,Colombia,Polygender,"Amarillo, Texas - 5502",true
340102775,Shaine,Sneaker,9/8/1985,Kenya,Genderfluid,"Amarillo, Texas - 5502",false
619491062,Anna-maria,Huniwall,2/25/1959,Indonesia,Female,"Rio Grande City, Texas - 2307",false
503939252,Joachim,Matschek,12/19/1973,China,Bigender,"Rio Grande City, Texas - 2307",false
628609053,Avrit,Kennerley,9/14/1952,United States,Female,"Albuquerque, New Mexico - 2407",false
488473810,Lucais,Stanney,7/30/1966,China,Agender,"Albuquerque, New Mexico - 2407",false
380231076,Lotty,Ligertwood,8/19/1954,China,Bigender,"Amarillo, Texas - 5502",false
520231071,Feliza,Drewe,7/22/1991,Russia,Genderfluid,"Calexico East - Class A, California - 2507",true
772238403,Anders,Gerretsen,7/18/1969,United Kingdom,Polygender,"Tucson, Arizona - 2609",true
433034924,Beau,Dand,4/7/1978,Armenia,Genderfluid,"Amarillo, Texas - 5502",true
970886098,Loren,Altofts,10/4/1972,Ireland,Female,"Calexico East - Class A, California - 2507",false
202259760,Francklin,Osgorby,1/18/1985,Portugal,Genderqueer,"Rio Grande City, Texas - 2307",false
587085160,Luz,Szabo,12/26/1957,Russia,Non-binary,"Calexico East - Class A, California - 2507",true
427628576,Jo,Cooksey,7/11/1965,China,Non-binary,"Nogales, Arizona - 2604",true
597804667,Caprice,Natwick,5/2/1987,Indonesia,Male,"Buffalo, New York - 0901",false
146333594,Marybeth,Davidwitz,8/29/1991,Norway,Polygender,"Buffalo, New York - 0901",true
409455557,Betty,Klehn,9/18/1970,Japan,Agender,"Rio Grande City, Texas - 2307",true
209389410,Vi,de Copeman,12/10/1988,Russia,Polygender,"Amarillo, Texas - 5502",false
735593382,Sada,Bendson,10/10/1966,Peru,Agender,"Rio Grande City, Texas - 2307",false
341464824,Lona,O'Downe,2/20/1961,Mexico,Polygender,"Buffalo, New York - 0901",false
848212533,Alia,Cantillion,11/25/1969,Mexico,Male,"Rio Grande City, Texas - 2307",true
896569420,Angel,Feek,10/18/1972,Philippines,Female,"Calexico East - Class A, California - 2507",true
240414248,Jeff,Greedier,5/12/1994,Brazil,Female,"Tucson, Arizona - 2609",true
324147148,Casar,Gotthard.sf,6/4/1973,Portugal,Genderfluid,"Buffalo, New York - 0901",false
945891467,Gardy,Cisec,7/3/1970,Mexico,Agender,"Nogales, Arizona - 2604",false
263397758,Sile,Carlill,8/5/1992,Philippines,Genderfluid,"Buffalo, New York - 0901",false
302886819,Ernst,Audiss,10/9/1984,Indonesia,Male,"Albuquerque, New Mexico - 2407",true
743683322,Riley,Juggings,6/5/1958,Armenia,Bigender,"Tucson, Arizona - 2609",false
902060065,Ramsay,Males,8/13/1989,United States,Female,"Rio Grande City, Texas - 2307",false
716006502,Emelita,Holdron,2/18/1954,China,Genderfluid,"Calexico East - Class A, California - 2507",false
133656490,Lalo,Beekmann,8/9/1979,Poland,Non-binary,"Rio Grande City, Texas - 2307",false
977122872,Pierette,Causier,3/13/1994,Yemen,Non-binary,"Albuquerque, New Mexico - 2407",false
989015184,Sibyl,Fidoe,6/10/1970,Germany,Polygender,"Albuquerque, New Mexico - 2407",true
113814489,Kaela,Faier,3/7/1964,China,Male,"Nogales, Arizona - 2604",false
574207863,Ario,Mendes,8/2/1985,Indonesia,Male,"Amarillo, Texas - 5502",true
873925580,Matthieu,David,11/4/1961,China,Bigender,"Amarillo, Texas - 5502",true
785255622,Valerye,Woollaston,11/13/1952,Czech Republic,Polygender,"Buffalo, New York - 0901",false
382127408,Eldredge,Worsnup,8/15/1974,Palestinian Territory,Male,"Calexico East - Class A, California - 2507",true
415119831,Renato,Ivanets,12/8/1975,Sri Lanka,Genderqueer,"Calexico East - Class A, California - 2507",true
947026342,Dagmar,Setterfield,12/19/1975,Brazil,Genderqueer,"Rio Grande City, Texas - 2307",true
779528605,Rolland,Sautter,8/19/1995,China,Female,"Amarillo, Texas - 5502",true
287965626,Shamus,Wilcockes,12/13/1994,Philippines,Female,"Calexico East - Class A, California - 2507",true
482813595,Dillie,Houtbie,8/1/1958,Portugal,Polygender,"Albuquerque, New Mexico - 2407",true
619061334,Maria,Roz,2/5/1963,United States,Female,"Amarillo, Texas - 5502",true
898619795,Nate,McGeorge,1/4/1985,China,Non-binary,"Nogales, Arizona - 2604",false
565017379,Deonne,Sutcliff,5/19/1962,Poland,Female,"Tucson, Arizona - 2609",false
122169420,Ashien,Aleavy,2/15/1973,Russia,Genderfluid,"Amarillo, Texas - 5502",false
167193564,Harald,Pickford,5/19/1974,Vietnam,Genderqueer,"Nogales, Arizona - 2604",false
418335256,Tomasine,Wakeford,8/13/1965,United States,Male,"Calexico East - Class A, California - 2507",true
981521371,Paulie,Garlant,6/14/1972,Pakistan,Genderqueer,"Albuquerque, New Mexico - 2407",true
418168976,Clark,Treanor,2/9/1994,China,Female,"Buffalo, New York - 0901",false
288873252,Robbi,Wakeham,6/19/1983,China,Polygender,"Rio Grande City, Texas - 2307",true
404112381,Vitia,Davidek,2/14/1984,Indonesia,Female,"Calexico East - Class A, California - 2507",false
689640583,Wilfred,Swadlin,2/24/1957,Portugal,Non-binary,"Nogales, Arizona - 2604",false
970059746,Colas,Lowsely,4/9/1973,Micronesia,Male,"Amarillo, Texas - 5502",true
948066165,Madison,Bister,6/28/1950,Brazil,Genderfluid,"Calexico East - Class A, California - 2507",true
290654885,Chane,Harle,1/10/1972,Ukraine,Genderqueer,"Amarillo, Texas - 5502",false
878616854,Wilden,Galbreath,1/17/1972,Jamaica,Female,"Tucson, Arizona - 2609",true
671449281,Valenka,MacAne,9/12/1962,Cuba,Polygender,"Tucson, Arizona - 2609",true
538291470,Clovis,Folbige,3/9/1997,China,Genderfluid,"Calexico East - Class A, California - 2507",true
554264208,Bunny,Crocetti,4/8/1956,China,Genderqueer,"Tucson, Arizona - 2609",false
521797620,Thorsten,Loving,11/25/1970,Indonesia,Female,"Albuquerque, New Mexico - 2407",true
426684947,Jenica,Howett,8/10/1989,Portugal,Agender,"Rio Grande City, Texas - 2307",true
397432291,Janith,Tubridy,9/1/1970,Brazil,Female,"Tucson, Arizona - 2609",false
868865484,Vale,Pentycost,8/29/1980,Russia,Genderfluid,"Calexico East - Class A, California - 2507",false
566261038,Spence,Ruddin,7/19/1952,Panama,Agender,"Rio Grande City, Texas - 2307",true
733663694,Rosco,Lammerich,1/6/1978,Germany,Genderqueer,"Albuquerque, New Mexico - 2407",false
718699298,Bobinette,Mulliner,12/9/1973,Democratic Republic of the Congo,Polygender,"Calexico East - Class A, California - 2507",true
191031847,Locke,Ashlin,10/20/1983,Morocco,Polygender,"Tucson, Arizona - 2609",true
932762980,Jacquette,Adlington,3/10/1985,Brazil,Genderqueer,"Albuquerque, New Mexico - 2407",false
681015571,Lucine,Daintith,6/21/1995,Philippines,Male,"Calexico East - Class A, California - 2507",false
976084179,Linnie,Bransom,12/29/1973,Ivory Coast,Bigender,"Nogales, Arizona - 2604",false
373067482,Dana,Siemianowicz,1/29/1972,Sweden,Male,"Tucson, Arizona - 2609",false
286670733,Curr,Howard,9/13/1984,Ukraine,Bigender,"Albuquerque, New Mexico - 2407",false
663391872,Nelson,Hollyman,2/4/1986,China,Non-binary,"Tucson, Arizona - 2609",true
593283005,Patrizio,Gonthard,9/26/1970,Thailand,Genderqueer,"Tucson, Arizona - 2609",true
563646157,Gwyn,Bondesen,11/10/1964,Albania,Genderqueer,"Nogales, Arizona - 2604",false
476105674,Jolee,Claris,7/30/1966,Ghana,Polygender,"Buffalo, New York - 0901",true
864872913,Nikki,Bernardi,11/14/1987,Indonesia,Female,"Tucson, Arizona - 2609",false
102591524,Maighdiln,Durtnel,9/9/1984,South Africa,Non-binary,"Tucson, Arizona - 2609",false
123445875,Muffin,Probey,1/31/1957,China,Non-binary,"Rio Grande City, Texas - 2307",false
744764581,Dominik,Lobb,7/19/1997,Colombia,Bigender,"Buffalo, New York - 0901",true
545973554,Kaitlyn,Riccioppo,12/5/1992,Indonesia,Female,"Nogales, Arizona - 2604",false
703434165,Bartel,Wodham,6/30/1984,Angola,Bigender,"Rio Grande City, Texas - 2307",true
476505487,Constantin,Bolan,12/9/1981,Portugal,Female,"Rio Grande City, Texas - 2307",false
776601123,Latisha,Rubinovici,8/5/1968,Portugal,Polygender,"Tucson, Arizona - 2609",true
685268307,Lamond,Ellcock,3/25/1958,China,Agender,"Amarillo, Texas - 5502",true
666441077,Travis,Sigert,12/26/1985,Argentina,Female,"Amarillo, Texas - 5502",true
728295922,Brent,Golsby,7/20/1994,Indonesia,Polygender,"Amarillo, Texas - 5502",false
170065300,Smitty,Duguid,3/30/1951,Indonesia,Agender,"Amarillo, Texas - 5502",true
385526169,Phelia,Lacotte,5/11/1993,United States,Agender,"Amarillo, Texas - 5502",false
837444123,Rolando,Label,8/19/1983,Ireland,Polygender,"Amarillo, Texas - 5502",true
491141424,Benson,Goodbarr,7/29/1957,Brazil,Male,"Tucson, Arizona - 2609",true
901616756,Nikolaus,Skim,9/28/1958,Albania,Female,"Albuquerque, New Mexico - 2407",false
812199776,Devlin,Rammell,1/19/1959,Monaco,Bigender,"Calexico East - Class A, California - 2507",true
734281880,Alvy,Leahey,9/6/1975,Brazil,Genderfluid,"Amarillo, Texas - 5502",false
104351757,Fabian,Fitzackerley,8/27/1952,Russia,Male,"Amarillo, Texas - 5502",false
694996936,Janaya,Gruszecki,6/8/1966,China,Male,"Albuquerque, New Mexico - 2407",true
956571411,Durward,Triner,12/27/1997,South Africa,Male,"Amarillo, Texas - 5502",false
539310222,Leonidas,Laidler,7/6/1962,China,Bigender,"Amarillo, Texas - 5502",true
258193877,Darb,Roxbee,4/20/1957,Japan,Genderfluid,"Calexico East - Class A, California - 2507",false
883417333,Malvina,Woolgar,9/15/1991,Philippines,Genderfluid,"Rio Grande City, Texas - 2307",true
712300947,Seumas,Baitey,5/10/1964,El Salvador,Female,"Calexico East - Class A, California - 2507",true
765085493,Quillan,Kembrey,9/7/1956,China,Genderqueer,"Rio Grande City, Texas - 2307",true
506451523,Lotte,Worsley,7/17/1968,Czech Republic,Polygender,"Buffalo, New York - 0901",true
884432709,Kissie,Bottle,11/25/1954,Nigeria,Polygender,"Albuquerque, New Mexico - 2407",true
238224412,Shayne,Healings,5/13/1996,Philippines,Polygender,"Nogales, Arizona - 2604",true
466706599,Pollyanna,Pawelczyk,8/24/1951,Indonesia,Polygender,"Rio Grande City, Texas - 2307",false
254754933,Mervin,Rallinshaw,10/9/1989,Mauritius,Male,"Amarillo, Texas - 5502",true
116448257,Wilek,Denisovich,1/22/1970,Thailand,Male,"Calexico East - Class A, California - 2507",false
815836657,Nerte,Tolefree,10/14/1982,Indonesia,Non-binary,"Rio Grande City, Texas - 2307",true
510124492,Ashla,Brignell,11/12/1971,Indonesia,Male,"Nogales, Arizona - 2604",true
373633211,Trent,Dagg,7/1/1990,Maldives,Bigender,"Rio Grande City, Texas - 2307",false
519932383,Mirna,McDowell,7/10/1956,Laos,Non-binary,"Rio Grande City, Texas - 2307",true
721508190,Killian,Casterou,2/24/1954,Portugal,Non-binary,"Amarillo, Texas - 5502",true
770511396,Iormina,Morriss,6/13/1965,Albania,Male,"Albuquerque, New Mexico - 2407",false
643894824,Joey,Dulton,1/4/1960,China,Female,"Rio Grande City, Texas - 2307",false
436561479,Lissie,Hindmoor,8/18/1971,Indonesia,Polygender,"Rio Grande City, Texas - 2307",false
211210206,Hal,Neem,2/27/1980,France,Female,"Nogales, Arizona - 2604",true
414828473,Kippie,Elwill,7/14/1957,Peru,Bigender,"Tucson, Arizona - 2609",false
191913618,Amery,McPhilemy,11/17/1988,Portugal,Non-binary,"Tucson, Arizona - 2609",true
834198707,Kippie,McCosh,3/26/1961,Panama,Non-binary,"Nogales, Arizona - 2604",true
816852206,Bev,Klimkovich,7/8/1956,China,Male,"Nogales, Arizona - 2604",false
224081637,Lu,O' Dornan,12/1/1982,Russia,Genderqueer,"Calexico East - Class A, California - 2507",true
119556029,Klement,Howlin,5/19/1970,China,Polygender,"Tucson, Arizona - 2609",false
585120919,Temp,Mabb,3/8/1994,Albania,Non-binary,"Albuquerque, New Mexico - 2407",true
140416368,Julie,Beldam,5/5/1973,Yemen,Genderfluid,"Buffalo, New York - 0901",false
183560264,Joseph,Bredes,6/3/1969,Uganda,Non-binary,"Amarillo, Texas - 5502",true
755887457,Avis,Sincock,4/12/1990,Mongolia,Polygender,"Buffalo, New York - 0901",false
978291530,Jon,Sissons,12/27/1970,Indonesia,Female,"Buffalo, New York - 0901",false
900294584,Dalia,Atkins,5/15/1979,Colombia,Genderfluid,"Calexico East - Class A, California - 2507",true
712238964,Nikolos,Arnaudi,2/7/1992,Indonesia,Non-binary,"Buffalo, New York - 0901",true
878437683,Alica,Popley,2/13/1960,Indonesia,Polygender,"Albuquerque, New Mexico - 2407",true
259581536,Luelle,Niven,3/4/1974,Indonesia,Non-binary,"Albuquerque, New Mexico - 2407",false
953425768,Ricca,Benam,3/5/1973,China,Bigender,"Rio Grande City, Texas - 2307",false
381325973,Cobby,Vinnicombe,5/5/1997,Philippines,Bigender,"Buffalo, New York - 0901",false
859054316,Cecile,Scholes,10/3/1979,Indonesia,Polygender,"Rio Grande City, Texas - 2307",true
605795904,Obediah,Barkaway,1/12/1979,China,Male,"Albuquerque, New Mexico - 2407",true
838856583,Major,Rames,3/23/1955,United States,Non-binary,"Buffalo, New York - 0901",true
639104592,Dyan,Willmont,1/8/1970,Poland,Male,"Calexico East - Class A, California - 2507",false
505152537,Paolina,Hedling,12/17/1953,Guatemala,Polygender,"Buffalo, New York - 0901",true
315036656,Elwyn,Gathwaite,2/17/1998,Philippines,Female,"Buffalo, New York - 0901",true
608135679,Gratia,Squires,6/15/1979,Czech Republic,Genderfluid,"Buffalo, New York - 0901",true
787419635,Adriaens,Rigate,8/5/1979,China,Agender,"Tucson, Arizona - 2609",false
763477721,Conrad,Spensly,7/15/1977,Portugal,Bigender,"Tucson, Arizona - 2609",true
790279441,Tania,Snookes,3/10/1994,Nauru,Non-binary,"Buffalo, New York - 0901",true
799835673,Malina,Gomery,1/29/1957,Iraq,Female,"Nogales, Arizona - 2604",true
448212056,Jessamine,Wortley,4/24/1957,Russia,Bigender,"Nogales, Arizona - 2604",false
687157219,Ximenez,Sevitt,1/13/1992,Brazil,Non-binary,"Nogales, Arizona - 2604",true
183637566,Wrennie,Magner,5/26/1964,Yemen,Bigender,"Albuquerque, New Mexico - 2407",false
821949928,Madel,Joffe,9/25/1950,Brazil,Non-binary,"Tucson, Arizona - 2609",true
515858002,Hamil,Salaman,3/26/1965,Portugal,Polygender,"Amarillo, Texas - 5502",true
961113242,Alisha,Finney,1/10/1953,Indonesia,Polygender,"Tucson, Arizona - 2609",true
193500937,Cass,Mandeville,9/17/1950,China,Agender,"Albuquerque, New Mexico - 2407",false
502851307,Chlo,Tours,4/7/1981,Norway,Non-binary,"Buffalo, New York - 0901",true
628294723,Kellia,Youell,12/27/1954,Portugal,Male,"Albuquerque, New Mexico - 2407",false
404970898,Rebecka,Duffy,3/4/1956,China,Polygender,"Albuquerque, New Mexico - 2407",false
138531646,Zsa zsa,Venning,8/16/1972,Nigeria,Genderqueer,"Tucson, Arizona - 2609",false
745388310,Vittoria,Furminger,10/7/1976,China,Non-binary,"Rio Grande City, Texas - 2307",false
195404870,Janeczka,Lovie,3/15/1988,Brazil,Male,"Albuquerque, New Mexico - 2407",true
369483152,Wallas,Aggio,9/25/1987,Russia,Genderqueer,"Amarillo, Texas - 5502",true
635400069,Yorker,Tweddell,7/28/1953,Uganda,Non-binary,"Amarillo, Texas - 5502",true
795915206,Courtenay,Ponder,11/26/1983,Costa Rica,Genderfluid,"Buffalo, New York - 0901",false
422624310,Daniel,Callacher,10/15/1985,Thailand,Non-binary,"Tucson, Arizona - 2609",false
731047834,Tamara,Chopping,4/26/1992,China,Genderfluid,"Nogales, Arizona - 2604",true
662734209,Ransom,Gosse,1/22/1988,Indonesia,Female,"Nogales, Arizona - 2604",true
400882787,Lutero,Chastaing,1/8/1997,Palestinian Territory,Polygender,"Amarillo, Texas - 5502",true
665942402,Collie,Goard,5/14/1987,Italy,Male,"Buffalo, New York - 0901",true
764749076,Nari,Le Friec,1/25/1987,Argentina,Polygender,"Albuquerque, New Mexico - 2407",true
606121564,Alfons,Greatbank,3/2/1988,Russia,Genderfluid,"Amarillo, Texas - 5502",false
269346644,Marlie,McUre,3/3/1970,French Guiana,Genderfluid,"Nogales, Arizona - 2604",true
735489245,Regan,Scranney,7/12/1986,Sweden,Polygender,"Nogales, Arizona - 2604",true
505927085,Kristofer,Dentith,11/26/1965,Serbia,Bigender,"Albuquerque, New Mexico - 2407",true
618848481,Isaak,Brunone,9/16/1957,Nigeria,Bigender,"Nogales, Arizona - 2604",true
533839403,Forrest,Allston,9/5/1991,China,Polygender,"Albuquerque, New Mexico - 2407",false
645944716,Henriette,Levesley,9/15/1969,Poland,Genderfluid,"Calexico East - Class A, California - 2507",true
507783668,Kayley,Stanmer,1/5/1994,Peru,Bigender,"Calexico East - Class A, California - 2507",true
110479699,Sandie,Bottinelli,2/25/1966,Russia,Male,"Buffalo, New York - 0901",false
158667180,Jobey,Jenkinson,6/19/1989,Zambia,Female,"Buffalo, New York - 0901",false
573429937,Shaun,O'Scollee,9/11/1987,Indonesia,Agender,"Albuquerque, New Mexico - 2407",true
408130267,Regan,Daenen,9/23/1975,China,Genderfluid,"Amarillo, Texas - 5502",false
747568192,Cale,Leppington,12/1/1998,Philippines,Genderqueer,"Rio Grande City, Texas - 2307",false
948378081,Eran,Scatchard,8/9/1973,Russia,Bigender,"Amarillo, Texas - 5502",false
548051689,Albie,Sudlow,5/27/1988,Mongolia,Male,"Amarillo, Texas - 5502",true
160996047,Lion,Denerley,10/18/1993,Turkmenistan,Non-binary,"Albuquerque, New Mexico - 2407",true
551467051,Josi,Delion,10/29/1958,Finland,Female,"Tucson, Arizona - 2609",true
440729494,Nickola,Cappel,11/8/1982,Russia,Genderfluid,"Rio Grande City, Texas - 2307",false
262886180,Waneta,Eddy,1/7/1981,Sierra Leone,Female,"Rio Grande City, Texas - 2307",true
367581521,Kitty,de Werk,8/29/1957,Iran,Genderqueer,"Calexico East - Class A, California - 2507",true
798485553,Constantia,Ezzy,5/4/1978,Czech Republic,Bigender,"Calexico East - Class A, California - 2507",false
773532702,Carlee,Endecott,10/14/1951,Indonesia,Genderfluid,"Amarillo, Texas - 5502",true
274549974,Georgina,Adnam,10/8/1997,France,Genderqueer,"Albuquerque, New Mexico - 2407",false
127749496,Dallon,O'Neill,11/6/1965,Sweden,Female,"Buffalo, New York - 0901",false
306458945,Noah,Hubery,12/3/1991,China,Polygender,"Nogales, Arizona - 2604",false
696023050,Naoma,Dobie,5/25/1970,Philippines,Genderfluid,"Tucson, Arizona - 2609",true
882623786,Kin,Yeabsley,12/13/1968,Germany,Male,"Nogales, Arizona - 2604",false
889840786,Dan,Baggalley,8/28/1975,Thailand,Polygender,"Calexico East - Class A, California - 2507",false
588546494,Carin,Teape,5/2/1953,Indonesia,Agender,"Amarillo, Texas - 5502",true
300950481,Marijn,Every,1/13/1974,Finland,Agender,"Tucson, Arizona - 2609",false
165733699,Artus,Sweatland,7/31/1990,Estonia,Agender,"Nogales, Arizona - 2604",true
969208932,Glyn,Poncet,7/17/1963,Poland,Polygender,"Calexico East - Class A, California - 2507",true
381981683,Baldwin,Frances,1/7/1964,France,Genderqueer,"Albuquerque, New Mexico - 2407",false
768149624,Dori,Cowthard,8/22/1986,Ukraine,Genderqueer,"Buffalo, New York - 0901",true
315498066,Geraldine,Pinn,12/14/1952,Portugal,Polygender,"Amarillo, Texas - 5502",false
377610232,Stewart,Kohler,4/9/1995,Sri Lanka,Bigender,"Calexico East - Class A, California - 2507",false
412196563,Caleb,Balkwill,12/25/1998,Ivory Coast,Female,"Calexico East - Class A, California - 2507",true
867997767,Burtie,Cantrill,8/31/1993,Philippines,Bigender,"Rio Grande City, Texas - 2307",true
935079037,Dannie,Thebeaud,2/16/1966,Bosnia and Herzegovina,Female,"Buffalo, New York - 0901",false
858451116,Ingrid,Kinson,1/14/1971,Philippines,Polygender,"Buffalo, New York - 0901",false
302766615,Clarance,Ondrak,9/16/1956,Mexico,Female,"Amarillo, Texas - 5502",true
459562530,Denney,Handrek,12/4/1987,Ukraine,Polygender,"Albuquerque, New Mexico - 2407",true
255437954,Margeaux,Meins,8/4/1957,Laos,Polygender,"Amarillo, Texas - 5502",true
738101950,Magdaia,De Blasiis,8/13/1987,Portugal,Genderqueer,"Nogales, Arizona - 2604",true
888456459,Norah,Oxborough,10/23/1990,Philippines,Polygender,"Tucson, Arizona - 2609",true
207140069,Charlean,Mapis,4/11/1991,Vietnam,Polygender,"Rio Grande City, Texas - 2307",false
781194374,Minne,Jaime,6/8/1960,China,Male,"Rio Grande City, Texas - 2307",true
403652952,Gerald,Desborough,5/23/1954,Russia,Agender,"Albuquerque, New Mexico - 2407",false
196299792,Etienne,Folca,2/10/1987,United States,Agender,"Nogales, Arizona - 2604",false
125776843,Guido,Stelfax,8/15/1961,Hungary,Male,"Rio Grande City, Texas - 2307",true
135912435,Nehemiah,Perone,4/17/1984,Indonesia,Polygender,"Nogales, Arizona - 2604",true
603801259,Gilberte,O'Mullally,5/15/1993,China,Bigender,"Nogales, Arizona - 2604",true
307436425,Langston,Bullivent,1/19/1988,Brazil,Genderfluid,"Amarillo, Texas - 5502",false
524824539,Becka,Flanagan,5/23/1951,Panama,Genderfluid,"Amarillo, Texas - 5502",true
918226373,Mathew,Knightsbridge,7/17/1997,China,Polygender,"Rio Grande City, Texas - 2307",false
824717168,Taryn,Blundell,3/7/1962,Indonesia,Bigender,"Nogales, Arizona - 2604",true
609068363,Darsey,Raffan,4/7/1990,Philippines,Genderfluid,"Albuquerque, New Mexico - 2407",false
693730392,Fanchon,Loges,9/1/1997,Bolivia,Agender,"Buffalo, New York - 0901",false
418516338,Kendell,Flement,11/29/1973,Greece,Agender,"Tucson, Arizona - 2609",false
231379251,Giffy,Tallyn,11/21/1998,Indonesia,Genderqueer,"Tucson, Arizona - 2609",false
353542885,Maxie,Worman,4/5/1972,Peru,Genderqueer,"Tucson, Arizona - 2609",true
354392214,Yvonne,Escolme,6/2/1962,Sweden,Agender,"Calexico East - Class A, California - 2507",true
350097153,Andriette,Malyj,1/7/1960,South Africa,Bigender,"Buffalo, New York - 0901",false
691505416,Welch,Drinkwater,3/31/1972,Ukraine,Agender,"Buffalo, New York - 0901",true
390272924,Jarred,Gjerde,8/11/1991,China,Genderqueer,"Amarillo, Texas - 5502",false
249948854,Basia,Tills,1/16/1991,Portugal,Genderqueer,"Nogales, Arizona - 2604",false
389299437,Tobe,Theyer,7/14/1956,France,Polygender,"Albuquerque, New Mexico - 2407",false
224466881,Sterne,Goldsberry,9/21/1989,China,Female,"Nogales, Arizona - 2604",true
984113592,Winnifred,Fehner,5/1/1984,Chile,Genderqueer,"Amarillo, Texas - 5502",true
480637561,Karalynn,Drewett,10/24/1956,Saudi Arabia,Non-binary,"Amarillo, Texas - 5502",false
187290298,Hannah,Shattock,11/1/1999,Peru,Genderfluid,"Amarillo, Texas - 5502",true
101859126,Reg,Lilford,8/29/1951,Czech Republic,Male,"Nogales, Arizona - 2604",true
492185158,Lorant,Eminson,6/3/1999,Philippines,Male,"Tucson, Arizona - 2609",true
813386007,Dino,Madden,12/28/1981,Nicaragua,Agender,"Calexico East - Class A, California - 2507",false
531294678,Karl,Vautrey,12/14/1997,Philippines,Male,"Buffalo, New York - 0901",true
482784577,Pooh,Daunay,8/22/1997,Tajikistan,Polygender,"Calexico East - Class A, California - 2507",false
541851387,Lizette,Lambregts,10/18/1951,Malawi,Non-binary,"Buffalo, New York - 0901",true
517578324,Etienne,Gooch,7/26/1958,Comoros,Male,"Rio Grande City, Texas - 2307",true
738481921,Angel,Burrows,11/30/1969,South Africa,Genderqueer,"Rio Grande City, Texas - 2307",true
325154733,Barnie,Antonik,10/6/1983,Netherlands,Female,"Buffalo, New York - 0901",false
934561009,Port,O' Loughran,7/8/1968,Sudan,Male,"Buffalo, New York - 0901",true
661198537,Rodney,Clemmitt,1/23/1964,China,Male,"Buffalo, New York - 0901",false
599735232,Kleon,Osorio,12/18/1994,Indonesia,Non-binary,"Tucson, Arizona - 2609",false
859449411,Kelley,Hoodlass,2/8/1970,Russia,Male,"Calexico East - Class A, California - 2507",false
539256734,Olivie,Hendrix,5/7/1989,Cuba,Non-binary,"Albuquerque, New Mexico - 2407",true
223175542,Ulises,Storton,7/16/1956,Pakistan,Genderqueer,"Tucson, Arizona - 2609",true
863514183,Stephani,Ginnelly,10/29/1969,China,Polygender,"Nogales, Arizona - 2604",true
787581605,Bamby,Mattisssen,8/13/1978,Brazil,Genderfluid,"Tucson, Arizona - 2609",false
763098970,Stacee,Duran,8/18/1973,Russia,Polygender,"Albuquerque, New Mexico - 2407",true
718059543,Hal,Willment,10/2/1975,France,Non-binary,"Buffalo, New York - 0901",true
206582796,Herculie,Duffyn,7/16/1990,Macedonia,Polygender,"Albuquerque, New Mexico - 2407",false
531313442,Alexandrina,Sartin,3/2/1998,Saint Vincent and the Grenadines,Bigender,"Albuquerque, New Mexico - 2407",false
574170492,Farand,Cavnor,9/2/1996,China,Genderfluid,"Amarillo, Texas - 5502",true
872438553,Huntlee,Pote,11/4/1992,China,Non-binary,"Tucson, Arizona - 2609",false
695964397,Umeko,Gooderridge,10/3/1958,China,Agender,"Rio Grande City, Texas - 2307",true
770389674,Ban,Sacchetti,4/18/1971,China,Polygender,"Albuquerque, New Mexico - 2407",true
483031596,Brittni,Haydock,12/4/1986,Portugal,Bigender,"Albuquerque, New Mexico - 2407",true
500832628,Coreen,Yoselevitch,6/25/1986,Sweden,Polygender,"Rio Grande City, Texas - 2307",true
458555945,Imogen,Dassindale,9/4/1998,Brazil,Non-binary,"Albuquerque, New Mexico - 2407",false
105870469,Roanna,De Roberto,11/6/1975,Indonesia,Genderqueer,"Nogales, Arizona - 2604",false
245225589,Deina,Thomtson,11/14/1991,Sweden,Bigender,"Tucson, Arizona - 2609",false
842878073,Clarance,Gillimgham,1/18/1952,Sweden,Genderqueer,"Calexico East - Class A, California - 2507",false
387356263,Isidore,Klimkiewich,10/4/1964,Peru,Genderfluid,"Buffalo, New York - 0901",true
251097776,Donella,Tressler,11/8/1977,Italy,Genderqueer,"Amarillo, Texas - 5502",false
921136265,Meris,Gumn,12/1/1981,Canada,Female,"Nogales, Arizona - 2604",true
142079617,Carmela,Lilbourne,5/11/1996,Brazil,Genderfluid,"Calexico East - Class A, California - 2507",true
294309995,Morgen,Friedman,10/23/1993,Malaysia,Genderfluid,"Calexico East - Class A, California - 2507",true
117559203,Sibella,Davidovic,3/23/1981,China,Non-binary,"Tucson, Arizona - 2609",true
452657410,Christel,Manwaring,2/24/1979,Cuba,Polygender,"Albuquerque, New Mexico - 2407",false
568536843,Lavinie,Tabner,2/20/1996,Indonesia,Agender,"Tucson, Arizona - 2609",true
910517004,Rosanne,Ridolfi,7/10/1978,Indonesia,Female,"Buffalo, New York - 0901",false
281131035,Arlie,Garrat,2/19/1996,France,Genderfluid,"Albuquerque, New Mexico - 2407",true
173510692,Perla,Baptie,11/3/1950,Brazil,Genderfluid,"Calexico East - Class A, California - 2507",true
273515753,Rinaldo,Call,10/21/1957,Nicaragua,Bigender,"Albuquerque, New Mexico - 2407",true
276862650,Major,Klaes,6/18/1950,United States,Genderqueer,"Rio Grande City, Texas - 2307",false
858703933,Saree,Winfield,8/7/1956,United States,Genderfluid,"Albuquerque, New Mexico - 2407",true
326924751,Wylma,Bonnesen,11/13/1980,Indonesia,Genderfluid,"Tucson, Arizona - 2609",false
525870153,Elvera,Broek,4/20/1995,Indonesia,Polygender,"Calexico East - Class A, California - 2507",true
848536710,Oriana,Danilchenko,8/8/1956,Indonesia,Polygender,"Tucson, Arizona - 2609",true
395464411,Shannan,Jertz,3/15/1984,Cambodia,Non-binary,"Tucson, Arizona - 2609",false
903027376,Tyne,Cawthorn,6/15/1974,Colombia,Genderqueer,"Buffalo, New York - 0901",false
123642165,Konstantin,Rigg,9/23/1999,Uruguay,Male,"Rio Grande City, Texas - 2307",true
433824467,Jecho,Stebbing,12/3/1974,China,Genderfluid,"Calexico East - Class A, California - 2507",true
214227021,Prudi,Ponceford,3/19/1960,Sweden,Genderfluid,"Nogales, Arizona - 2604",false
616943478,Glennie,Jedrzejewicz,5/7/1967,Uganda,Genderqueer,"Calexico East - Class A, California - 2507",false
849867487,Mathilde,Wyldes,6/18/1976,Russia,Female,"Tucson, Arizona - 2609",false
323201105,Albrecht,Seabrooke,8/25/1955,Brazil,Non-binary,"Buffalo, New York - 0901",false
999800074,Jenine,Bruhnke,12/25/1992,China,Male,"Tucson, Arizona - 2609",false
767286153,Tallie,Bilson,1/20/1982,Honduras,Non-binary,"Albuquerque, New Mexico - 2407",true
303265531,Rebe,Le Monnier,4/24/1954,China,Genderfluid,"Rio Grande City, Texas - 2307",false
866267781,Matteo,Dikles,5/5/1977,Iran,Agender,"Albuquerque, New Mexico - 2407",false
463753716,Murielle,Cannan,2/2/1955,Philippines,Non-binary,"Calexico East - Class A, California - 2507",true
445028910,Miltie,Labroue,10/7/1960,Honduras,Polygender,"Tucson, Arizona - 2609",false
173376614,Mela,Balmer,8/19/1999,Indonesia,Male,"Buffalo, New York - 0901",true
748132883,Garrott,Livezley,10/10/1988,Honduras,Male,"Nogales, Arizona - 2604",true
226006546,Kev,Davidge,7/12/1979,China,Agender,"Calexico East - Class A, California - 2507",false
221190765,Melinda,Folliss,12/6/1952,Japan,Non-binary,"Nogales, Arizona - 2604",true
673293173,Francoise,Nowakowski,1/2/1976,France,Non-binary,"Buffalo, New York - 0901",false
252984030,Gearard,Stripling,10/12/1962,China,Polygender,"Albuquerque, New Mexico - 2407",false
990595467,Lottie,Buzzing,5/13/1966,Mexico,Polygender,"Buffalo, New York - 0901",false
832155057,Windy,Gonoude,4/13/1986,Russia,Agender,"Amarillo, Texas - 5502",true
209679365,Marijn,Frantzen,3/30/1955,American Samoa,Bigender,"Amarillo, Texas - 5502",false
446328993,Pierrette,Shier,4/2/1961,Indonesia,Non-binary,"Tucson, Arizona - 2609",false
698754937,Lowrance,Gavrielly,12/29/1965,Ireland,Non-binary,"Calexico East - Class A, California - 2507",false
811557457,Anny,Beranek,2/9/1959,China,Genderfluid,"Amarillo, Texas - 5502",true
230631073,Haskel,Lumpkin,10/5/1980,United States,Non-binary,"Nogales, Arizona - 2604",true
335238301,Lexie,Mateos,4/7/1950,China,Non-binary,"Calexico East - Class A, California - 2507",false
764872716,Roch,Marsie,9/20/1953,Peru,Bigender,"Buffalo, New York - 0901",false
467591214,Any,Blatherwick,3/29/1968,Portugal,Bigender,"Amarillo, Texas - 5502",false
484770609,Ikey,Abramamovh,5/2/1999,France,Male,"Nogales, Arizona - 2604",false
233424870,Brocky,Tillot,6/23/1983,Poland,Polygender,"Buffalo, New York - 0901",true
872806773,Karlan,Melly,3/24/1964,China,Bigender,"Rio Grande City, Texas - 2307",false
608519271,Darrick,Pepi,12/21/1957,Indonesia,Male,"Buffalo, New York - 0901",true
638320675,Dario,McGuigan,3/12/1996,Portugal,Bigender,"Amarillo, Texas - 5502",true
140378549,Dulci,Harbison,6/30/1977,Russia,Polygender,"Albuquerque, New Mexico - 2407",false
365496728,Evered,Ropkins,10/26/1986,Honduras,Polygender,"Tucson, Arizona - 2609",false
598241688,Adoree,Inchan,1/29/1963,South Korea,Genderfluid,"Calexico East - Class A, California - 2507",false
772203543,Atlante,Stewart,2/25/1992,Argentina,Agender,"Nogales, Arizona - 2604",true
866334769,Bunnie,Juster,8/30/1975,Indonesia,Male,"Calexico East - Class A, California - 2507",false
911010900,Zora,Horstead,2/20/1981,Sweden,Genderqueer,"Albuquerque, New Mexico - 2407",false
208256116,Byran,Aggus,12/31/1968,China,Male,"Calexico East - Class A, California - 2507",true
458330089,Lucky,Perryn,3/30/1988,Philippines,Female,"Calexico East - Class A, California - 2507",false
881367492,Herschel,Creer,5/23/1970,China,Genderfluid,"Rio Grande City, Texas - 2307",false
626354142,Risa,Dodwell,7/14/1959,Malaysia,Non-binary,"Nogales, Arizona - 2604",false
979653584,Goddard,Camelli,3/22/1953,Canada,Bigender,"Nogales, Arizona - 2604",false
477520159,Elenore,Wickstead,9/4/1970,Colombia,Genderqueer,"Calexico East - Class A, California - 2507",true
389261153,Krissy,Groocock,11/28/1966,Japan,Polygender,"Calexico East - Class A, California - 2507",true
999919591,Saree,Latey,10/2/1993,China,Agender,"Albuquerque, New Mexico - 2407",true
647606232,Nev,Cribbins,8/5/1978,China,Genderqueer,"Calexico East - Class A, California - 2507",false
545331768,Christoph,Nockells,7/23/1958,Russia,Bigender,"Calexico East - Class A, California - 2507",true
489244932,Christiano,Spores,8/8/1972,Indonesia,Genderfluid,"Amarillo, Texas - 5502",false
875141967,Caldwell,Motherwell,12/2/1976,Armenia,Agender,"Tucson, Arizona - 2609",true
657769654,Austin,Eagland,7/9/1973,Philippines,Bigender,"Rio Grande City, Texas - 2307",false
891188012,Fanchette,Murt,4/21/1966,China,Non-binary,"Amarillo, Texas - 5502",false
827644042,Ginelle,Cocozza,3/13/1992,United States,Polygender,"Tucson, Arizona - 2609",true
915018086,Ellissa,Fludder,5/13/1963,China,Male,"Amarillo, Texas - 5502",true
581847693,Carilyn,Cumberledge,10/11/1989,United States,Agender,"Amarillo, Texas - 5502",false
694853246,Guillaume,Lane,1/18/1987,Czech Republic,Bigender,"Buffalo, New York - 0901",false
780920539,Robinia,Polden,1/24/1996,China,Male,"Amarillo, Texas - 5502",false
562671098,Fernanda,Twort,11/18/1987,Sweden,Non-binary,"Tucson, Arizona - 2609",true
889032503,Carmela,Gaylord,5/30/1963,United States,Agender,"Albuquerque, New Mexico - 2407",false
584948566,Evvy,Van Oord,10/8/1963,Myanmar,Male,"Buffalo, New York - 0901",true
792933751,Venus,Stolze,3/24/1969,Guinea,Male,"Tucson, Arizona - 2609",false
646130669,Gwennie,Frossell,7/4/1962,Philippines,Polygender,"Tucson, Arizona - 2609",true
312500952,Pincas,Paulig,7/16/1995,Saudi Arabia,Male,"Buffalo, New York - 0901",true
684600474,Renaud,Hallin,6/21/1952,Philippines,Genderfluid,"Rio Grande City, Texas - 2307",true
142274105,Jerrine,Carvill,1/7/1999,Kazakhstan,Male,"Calexico East - Class A, California - 2507",false
782068741,Emyle,Southby,2/21/1952,Russia,Male,"Rio Grande City, Texas - 2307",false
926741604,Rina,Wybrew,9/30/1975,United States,Genderqueer,"Rio Grande City, Texas - 2307",true
931939303,Analiese,Cordeau],5/8/1960,China,Polygender,"Nogales, Arizona - 2604",true
229515385,Portia,Rutley,1/15/1984,Portugal,Polygender,"Buffalo, New York - 0901",true
717280883,Gale,Balcombe,3/26/1978,Democratic Republic of the Congo,Polygender,"Amarillo, Texas - 5502",true
669499773,Celene,Canizares,12/8/1957,China,Polygender,"Calexico East - Class A, California - 2507",false
613353651,Waiter,Wealleans,10/11/1954,Sweden,Agender,"Rio Grande City, Texas - 2307",true
611314321,Dyann,Attow,2/21/1952,China,Female,"Rio Grande City, Texas - 2307",true
504610260,Mar,Lambertson,3/15/1990,Uganda,Male,"Amarillo, Texas - 5502",false
819333733,Emmey,Mardlin,4/18/1954,Portugal,Genderqueer,"Nogales, Arizona - 2604",true
648521044,Janie,Cyples,7/29/1952,Poland,Agender,"Amarillo, Texas - 5502",false
945203619,Serene,McLaggan,6/1/1986,China,Female,"Nogales, Arizona - 2604",true
467316522,Jeremias,Lehrmann,3/16/1991,Bolivia,Agender,"Nogales, Arizona - 2604",true
594803911,Ossie,Charrett,12/14/1965,Nicaragua,Bigender,"Rio Grande City, Texas - 2307",false
851931114,Steve,Hopfer,11/7/1971,Finland,Genderfluid,"Amarillo, Texas - 5502",true
906838199,Zorina,Reitenbach,2/2/1993,Canada,Genderfluid,"Calexico East - Class A, California - 2507",true
445838598,Dalila,Hayselden,10/10/1957,Portugal,Genderqueer,"Albuquerque, New Mexico - 2407",true
104546942,Bartolomeo,Jiracek,8/22/1996,Brazil,Male,"Rio Grande City, Texas - 2307",false
129419762,Ellis,Phizackerly,6/14/1985,Canada,Non-binary,"Buffalo, New York - 0901",false
475747278,Karlyn,Calliss,2/4/1973,France,Genderqueer,"Amarillo, Texas - 5502",false
837268412,Coraline,Goldin,4/20/1980,China,Non-binary,"Calexico East - Class A, California - 2507",false
953599141,Thorstein,Woofenden,3/4/1957,Central African Republic,Male,"Amarillo, Texas - 5502",false
133733771,Warren,Alexandre,4/19/1995,Peru,Non-binary,"Albuquerque, New Mexico - 2407",false
514203791,Therine,Tineman,10/13/1988,China,Agender,"Rio Grande City, Texas - 2307",false
892125202,Roselle,Greeno,10/28/1975,Bosnia and Herzegovina,Polygender,"Amarillo, Texas - 5502",true
299277678,Devonna,Giffin,2/1/1978,Mexico,Agender,"Calexico East - Class A, California - 2507",false
934475181,Zacherie,Thwaites,1/3/1971,China,Genderqueer,"Albuquerque, New Mexico - 2407",true
728739981,Cherianne,Hinrichs,10/15/1957,Indonesia,Genderqueer,"Albuquerque, New Mexico - 2407",false
591262110,Anthea,Broomhall,8/27/1950,France,Genderqueer,"Rio Grande City, Texas - 2307",true
986196220,Diane-marie,Soars,7/19/1978,Sweden,Agender,"Albuquerque, New Mexico - 2407",true
871553876,Alisun,Clinkard,2/17/1957,Ethiopia,Male,"Calexico East - Class A, California - 2507",true
669995171,Ruthanne,Northfield,12/27/1961,Denmark,Non-binary,"Calexico East - Class A, California - 2507",true
117867142,Clovis,Bolland,11/8/1999,Greece,Agender,"Rio Grande City, Texas - 2307",false
420434225,Monte,Edgeon,5/27/1999,Russia,Bigender,"Buffalo, New York - 0901",true
121857121,Cori,Foss,8/28/1993,Russia,Genderqueer,"Nogales, Arizona - 2604",true
497822199,Rosalind,Shipcott,11/26/1979,Portugal,Female,"Calexico East - Class A, California - 2507",true
288961641,Joelly,Ayllett,8/5/1999,Colombia,Male,"Rio Grande City, Texas - 2307",false
273196253,Sena,Mellings,6/18/1983,Chile,Genderqueer,"Rio Grande City, Texas - 2307",true
426414251,Xymenes,Corson,9/3/1954,Russia,Genderqueer,"Rio Grande City, Texas - 2307",true
588723517,Bellanca,Habard,8/8/1988,Indonesia,Polygender,"Amarillo, Texas - 5502",true
222643352,Elaine,Tumulty,1/5/1958,China,Genderfluid,"Tucson, Arizona - 2609",true
188984730,Blair,Streather,1/13/1993,Poland,Agender,"Tucson, Arizona - 2609",true
904397309,Thomasine,Kesley,1/5/1988,Japan,Agender,"Nogales, Arizona - 2604",false
548897041,Elna,Valance,7/21/1998,Bolivia,Male,"Amarillo, Texas - 5502",false
159177924,Talbert,Newick,1/23/1962,Indonesia,Non-binary,"Albuquerque, New Mexico - 2407",true
686658247,Garey,Mutton,1/22/1988,Czech Republic,Bigender,"Albuquerque, New Mexico - 2407",true
879316897,Demott,McGauhy,1/22/1993,Philippines,Bigender,"Albuquerque, New Mexico - 2407",true
635909653,Kameko,Boydon,6/18/1966,China,Polygender,"Albuquerque, New Mexico - 2407",false
344884163,Gill,Cargon,4/14/1955,Mexico,Bigender,"Nogales, Arizona - 2604",true
259554163,Caroljean,Alvar,10/26/1956,Russia,Bigender,"Albuquerque, New Mexico - 2407",true
671686576,Hermie,Rief,10/22/1977,Finland,Female,"Amarillo, Texas - 5502",true
885614118,Tammara,Jerrard,7/6/1974,Philippines,Bigender,"Calexico East - Class A, California - 2507",true
251477752,Shela,Dunkinson,12/21/1985,Democratic Republic of the Congo,Female,"Rio Grande City, Texas - 2307",true
560886657,Madelin,Chattaway,4/7/1998,Palestinian Territory,Agender,"Rio Grande City, Texas - 2307",false
708776640,Orson,Barwick,9/13/1984,China,Polygender,"Nogales, Arizona - 2604",false
306334001,Julissa,Hallagan,4/11/1953,Philippines,Female,"Buffalo, New York - 0901",false
816185796,Margarita,Ghidoni,11/13/1977,Ukraine,Bigender,"Albuquerque, New Mexico - 2407",false
265378010,Shirley,Roblin,7/29/1975,United Kingdom,Genderqueer,"Nogales, Arizona - 2604",true
276723102,Clementine,Simonnot,1/18/1978,Oman,Bigender,"Calexico East - Class A, California - 2507",true
765627478,Hanni,Spark,8/12/1968,Sweden,Bigender,"Albuquerque, New Mexico - 2407",false
761943634,Cloe,Wheelband,5/1/1954,China,Genderfluid,"Nogales, Arizona - 2604",false
578752106,Gabe,Gorriessen,4/18/1974,Russia,Bigender,"Calexico East - Class A, California - 2507",false
651245609,Horace,Richfield,9/30/1999,China,Genderfluid,"Nogales, Arizona - 2604",true
202712375,Prinz,Okenden,3/1/1973,Russia,Bigender,"Calexico East - Class A, California - 2507",false
869042673,Dionysus,Texton,7/13/1954,Peru,Genderqueer,"Rio Grande City, Texas - 2307",true
683037893,Laughton,Gagen,1/15/1955,Norway,Bigender,"Buffalo, New York - 0901",true
474379734,Sammie,Basten,12/27/1982,China,Bigender,"Albuquerque, New Mexico - 2407",true
246777728,Ashlin,Duffil,7/23/1970,Germany,Agender,"Albuquerque, New Mexico - 2407",true
993567077,Matti,Varian,5/4/1998,Philippines,Polygender,"Amarillo, Texas - 5502",true
320027012,Simona,Tickner,2/26/1992,Japan,Genderfluid,"Rio Grande City, Texas - 2307",true
910131077,Dur,Sember,5/18/1986,China,Agender,"Rio Grande City, Texas - 2307",false
694188039,Teressa,Rawling,8/13/1956,Indonesia,Male,"Albuquerque, New Mexico - 2407",false
599103769,Julie,MacKenzie,6/7/1969,Poland,Non-binary,"Amarillo, Texas - 5502",true
811933990,Warde,Clues,4/23/1988,Afghanistan,Non-binary,"Rio Grande City, Texas - 2307",false
515785368,Lynne,Scudamore,8/1/1981,France,Agender,"Rio Grande City, Texas - 2307",false
803453048,Hendrika,Gwioneth,3/26/1956,Indonesia,Genderfluid,"Tucson, Arizona - 2609",false
277784881,Kip,Cavy,8/20/1986,China,Bigender,"Amarillo, Texas - 5502",false
398786409,Perkin,Veldman,5/16/1996,Portugal,Genderqueer,"Calexico East - Class A, California - 2507",true
565395356,Hector,Hearnaman,12/18/1959,Portugal,Female,"Tucson, Arizona - 2609",false
964677810,Susette,Hambatch,11/30/1976,France,Genderqueer,"Albuquerque, New Mexico - 2407",true
283360381,Dorothee,Wibrew,1/15/1994,Kuwait,Genderqueer,"Tucson, Arizona - 2609",false
614078461,Stan,Hinken,12/7/1961,Philippines,Genderqueer,"Calexico East - Class A, California - 2507",true
691081617,Tabbie,Smullen,9/6/1994,China,Genderqueer,"Rio Grande City, Texas - 2307",true
609197483,Henderson,Chate,2/11/1975,Brazil,Non-binary,"Rio Grande City, Texas - 2307",true
292225424,Cello,Calven,7/13/1972,Greece,Non-binary,"Nogales, Arizona - 2604",false
890470299,Glory,Palmer,7/11/1963,China,Bigender,"Tucson, Arizona - 2609",true
491420741,Jozef,Gurley,3/15/1966,Malaysia,Genderqueer,"Tucson, Arizona - 2609",false
314937897,Aprilette,Bance,7/18/1951,Morocco,Non-binary,"Calexico East - Class A, California - 2507",false
189844500,Lulita,Plomer,12/27/1952,China,Non-binary,"Tucson, Arizona - 2609",false
327744406,Miriam,Bentley,3/30/1985,Philippines,Bigender,"Albuquerque, New Mexico - 2407",false
869245259,Gertrude,Scough,8/14/1975,Honduras,Polygender,"Tucson, Arizona - 2609",true
768916597,Cherlyn,Van de Castele,3/31/1983,Peru,Bigender,"Buffalo, New York - 0901",false
300560708,Olva,Tuting,7/9/1962,South Africa,Male,"Rio Grande City, Texas - 2307",true
953439682,Molly,Loadman,9/9/1981,Peru,Agender,"Calexico East - Class A, California - 2507",false
884745057,Lotty,Asher,4/4/1960,China,Male,"Amarillo, Texas - 5502",false
785251305,Jenica,Moorton,9/12/1955,Kenya,Polygender,"Amarillo, Texas - 5502",true
388954541,Ephraim,Lewsey,11/23/1992,China,Polygender,"Nogales, Arizona - 2604",false
888962076,Yancy,Ubach,4/27/1977,Slovenia,Non-binary,"Nogales, Arizona - 2604",false
633676350,Larine,Skpsey,7/25/1993,Russia,Non-binary,"Nogales, Arizona - 2604",false
140194638,Seamus,Causer,2/9/1989,Russia,Agender,"Tucson, Arizona - 2609",false
940157430,Marlowe,Baff,9/15/1954,Palestinian Territory,Agender,"Tucson, Arizona - 2609",false
850274649,Gay,Ivic,11/9/1984,China,Bigender,"Buffalo, New York - 0901",true
263317717,Philis,Haysar,7/21/1966,Colombia,Non-binary,"Tucson, Arizona - 2609",true
157896757,Carrissa,Richardt,10/1/1982,Iran,Genderfluid,"Rio Grande City, Texas - 2307",false
687103282,Willy,Zellner,10/20/1957,Indonesia,Polygender,"Buffalo, New York - 0901",false
222643229,Jimmy,McMorran,9/20/1994,Pakistan,Genderqueer,"Rio Grande City, Texas - 2307",false
535827206,Smith,Itzhaki,1/26/1982,Slovenia,Agender,"Nogales, Arizona - 2604",true
423055292,Glynnis,Constable,12/3/1998,China,Agender,"Amarillo, Texas - 5502",true
695521873,Victoria,Barron,3/23/1957,Norway,Non-binary,"Tucson, Arizona - 2609",false
358376448,Erhart,Collingdon,3/21/1998,Serbia,Non-binary,"Buffalo, New York - 0901",false
423771283,Robinet,Sworder,1/22/1970,France,Genderqueer,"Nogales, Arizona - 2604",true
900155883,Emma,Frodsham,1/1/1971,China,Genderqueer,"Tucson, Arizona - 2609",false
641850611,Roslyn,Haysar,8/30/1997,Morocco,Genderqueer,"Amarillo, Texas - 5502",true
926989248,Mitzi,Christofides,3/28/1974,Germany,Male,"Calexico East - Class A, California - 2507",true
735402793,Valle,Mussalli,2/11/1998,Spain,Non-binary,"Amarillo, Texas - 5502",false
548314257,Brandon,Macek,4/29/1980,Pakistan,Genderfluid,"Rio Grande City, Texas - 2307",false
985581410,Tuckie,Reynish,8/20/1996,Slovenia,Non-binary,"Nogales, Arizona - 2604",true
842261919,Jodie,Lightwood,6/27/1997,China,Female,"Amarillo, Texas - 5502",true
135451288,Michelina,Brammall,6/6/1957,Kuwait,Female,"Albuquerque, New Mexico - 2407",false
930928295,Clair,Connock,10/19/1976,China,Bigender,"Tucson, Arizona - 2609",false
381194700,Smith,Ewington,3/1/1986,Brazil,Genderfluid,"Buffalo, New York - 0901",true
336396724,Delainey,McCraine,11/30/1971,China,Agender,"Calexico East - Class A, California - 2507",false
507110879,Nolly,Cadding,3/4/1969,Jordan,Non-binary,"Amarillo, Texas - 5502",true
937236349,Cinda,Fist,12/15/1990,Poland,Polygender,"Buffalo, New York - 0901",true
659799167,Nero,Witton,11/13/1997,Indonesia,Genderfluid,"Amarillo, Texas - 5502",true
380287302,Carver,Sanney,1/10/1972,China,Polygender,"Nogales, Arizona - 2604",false
734014513,Lorin,Neath,7/24/1971,France,Non-binary,"Albuquerque, New Mexico - 2407",false
654623346,Petrina,Whittenbury,4/29/1980,United States,Polygender,"Tucson, Arizona - 2609",false
964733904,Jasun,Fust,1/12/1990,France,Agender,"Nogales, Arizona - 2604",true
281385578,Diane-marie,Guyan,4/23/1982,South Africa,Agender,"Albuquerque, New Mexico - 2407",true
127247550,Maurits,Boulstridge,8/8/1998,Philippines,Bigender,"Albuquerque, New Mexico - 2407",false
534709115,Latashia,Pinkett,3/30/1960,Indonesia,Agender,"Buffalo, New York - 0901",false
997164173,Paulette,Northfield,8/27/1969,France,Genderfluid,"Tucson, Arizona - 2609",false
376704517,Austina,Goad,12/21/1976,Armenia,Male,"Nogales, Arizona - 2604",true
127623799,Boniface,Osband,10/27/1966,Ecuador,Genderqueer,"Amarillo, Texas - 5502",false
354336470,Alisha,Wabb,6/16/1987,Serbia,Female,"Tucson, Arizona - 2609",true
607638251,Judye,Beardow,3/5/1975,China,Bigender,"Buffalo, New York - 0901",false
955939606,Dede,Symes,9/3/1971,Luxembourg,Genderfluid,"Rio Grande City, Texas - 2307",false
766924206,Heath,Jeppe,2/22/1986,Portugal,Bigender,"Amarillo, Texas - 5502",false
563860949,Moises,Schuricke,2/18/1976,Russia,Male,"Buffalo, New York - 0901",false
711197820,Lacie,Vlies,12/16/1963,Syria,Female,"Buffalo, New York - 0901",false
113489708,Christean,Calcott,4/23/1962,China,Polygender,"Tucson, Arizona - 2609",false
515218434,Gonzales,Bollins,1/27/1970,Canada,Genderfluid,"Rio Grande City, Texas - 2307",true
939029163,Cart,Hayers,7/29/1978,China,Agender,"Rio Grande City, Texas - 2307",false
166914836,Dayle,des Remedios,9/29/1965,Morocco,Female,"Tucson, Arizona - 2609",false
369840040,Marius,Lancetter,3/21/1960,China,Genderqueer,"Albuquerque, New Mexico - 2407",true
942390694,Elroy,Keenlayside,4/24/1972,Russia,Genderqueer,"Tucson, Arizona - 2609",false
404189872,Kettie,Leming,5/18/1985,China,Agender,"Tucson, Arizona - 2609",true
855911738,Lorilee,Spurr,6/14/1993,Costa Rica,Genderqueer,"Buffalo, New York - 0901",true
351605416,Talya,Le Brom,10/18/1978,Chile,Genderqueer,"Rio Grande City, Texas - 2307",true
337875314,Daniele,Prate,2/27/1968,Thailand,Bigender,"Rio Grande City, Texas - 2307",false
280040859,Nataniel,Di Biasi,10/26/1963,Indonesia,Bigender,"Amarillo, Texas - 5502",false
316712075,Garald,Raggatt,11/12/1994,Portugal,Genderfluid,"Nogales, Arizona - 2604",true
869085315,Crissie,Jozwik,9/21/1984,United States,Genderqueer,"Buffalo, New York - 0901",false
209563658,Paton,Klas,5/13/1954,Indonesia,Polygender,"Albuquerque, New Mexico - 2407",true
521616856,Orly,Stock,8/24/1998,Peru,Agender,"Amarillo, Texas - 5502",false
323034523,Kathye,Eton,3/17/1988,Russia,Genderqueer,"Calexico East - Class A, California - 2507",false
388141419,Alwyn,Pickton,4/28/1980,Poland,Agender,"Buffalo, New York - 0901",false
483018402,Minerva,Spellsworth,8/29/1986,Philippines,Polygender,"Calexico East - Class A, California - 2507",true
877676424,Carolus,Heymes,12/6/1989,Poland,Genderfluid,"Tucson, Arizona - 2609",true
644446352,Elita,Francom,11/25/1959,Indonesia,Genderqueer,"Nogales, Arizona - 2604",false
982288956,Charil,MacShane,3/12/1983,Nigeria,Non-binary,"Rio Grande City, Texas - 2307",false
573715886,Elmira,Merdew,5/31/1969,China,Non-binary,"Tucson, Arizona - 2609",true
903882924,Knox,Gorler,9/24/1984,Poland,Polygender,"Calexico East - Class A, California - 2507",false
865136682,Susette,Trett,4/14/1976,Poland,Genderfluid,"Nogales, Arizona - 2604",false
910105121,Devi,Darnbrough,4/9/1984,Indonesia,Agender,"Nogales, Arizona - 2604",true
229014835,Pietrek,Chieco,7/26/1992,Vietnam,Agender,"Tucson, Arizona - 2609",true
302043736,Orland,Allcock,12/26/1993,Yemen,Male,"Rio Grande City, Texas - 2307",false
660518272,Francis,Anglin,12/9/1977,Russia,Polygender,"Calexico East - Class A, California - 2507",true
732718041,Zebedee,Zincke,2/13/1970,Colombia,Female,"Nogales, Arizona - 2604",false
665310107,Hodge,Kennford,9/11/1960,Russia,Genderqueer,"Nogales, Arizona - 2604",true
153844501,Nicolis,Cox,3/18/1954,Indonesia,Bigender,"Tucson, Arizona - 2609",true
454397162,Ronica,Morris,7/8/1993,Indonesia,Bigender,"Nogales, Arizona - 2604",true
988098873,Kippie,Hudspith,12/28/1999,Nepal,Male,"Nogales, Arizona - 2604",false
659894157,Sibbie,Debill,9/16/1976,Germany,Genderqueer,"Albuquerque, New Mexico - 2407",true
807915191,Arden,Weddeburn,6/22/1962,China,Bigender,"Amarillo, Texas - 5502",true
363759311,Thadeus,Vedyaev,5/22/1967,United States,Female,"Albuquerque, New Mexico - 2407",true
165614806,Jennette,Henrych,7/31/1959,Indonesia,Non-binary,"Calexico East - Class A, California - 2507",false
417896531,Fulvia,Chesswas,3/19/1993,China,Non-binary,"Albuquerque, New Mexico - 2407",true
432774084,Bernardo,Fenty,5/7/1953,Poland,Female,"Nogales, Arizona - 2604",true
271348383,Ethan,Claricoates,12/31/1962,Serbia,Genderqueer,"Buffalo, New York - 0901",true
287272902,Adara,Thresher,9/7/1992,Montenegro,Male,"Albuquerque, New Mexico - 2407",true
252860614,Vin,Dunphy,6/10/1959,Czech Republic,Polygender,"Tucson, Arizona - 2609",true
838165264,Keane,Cornelis,1/27/1982,Finland,Genderfluid,"Buffalo, New York - 0901",false
131468371,Milena,Houlridge,5/27/1956,Russia,Genderfluid,"Albuquerque, New Mexico - 2407",false
406868798,Belinda,Stichall,1/14/1957,Ukraine,Genderfluid,"Rio Grande City, Texas - 2307",false
748472724,Emelina,Thornham,7/22/1977,Sweden,Genderfluid,"Tucson, Arizona - 2609",false
424182046,Kendre,Romanini,1/24/1997,Brazil,Male,"Albuquerque, New Mexico - 2407",true
703892943,Fayette,Patridge,10/3/1968,Russia,Non-binary,"Rio Grande City, Texas - 2307",true
408321528,Josy,Lalonde,8/9/1984,Greece,Female,"Calexico East - Class A, California - 2507",false
967725312,Yurik,Edmott,2/19/1960,Philippines,Genderfluid,"Buffalo, New York - 0901",false
372629998,Fleur,Bettlestone,2/13/1985,China,Genderfluid,"Amarillo, Texas - 5502",false
776412778,Steffen,Serot,3/10/1983,Indonesia,Polygender,"Tucson, Arizona - 2609",false
526698017,Arturo,Woolam,4/12/1983,Poland,Non-binary,"Calexico East - Class A, California - 2507",false
625715721,Roddie,Booij,6/5/1974,China,Non-binary,"Rio Grande City, Texas - 2307",false
871525241,Brand,Jean,10/20/1998,Aland Islands,Non-binary,"Albuquerque, New Mexico - 2407",false
119739994,Brett,Roullier,1/28/1992,Uruguay,Non-binary,"Buffalo, New York - 0901",false
453387555,Dari,Iglesias,9/10/1982,Philippines,Agender,"Amarillo, Texas - 5502",true
747187083,Steffen,Senechault,3/20/1992,Norway,Genderqueer,"Nogales, Arizona - 2604",true
425704718,Concettina,Gietz,8/31/1976,Mongolia,Female,"Rio Grande City, Texas - 2307",true
811257261,Stacy,Dutton,8/28/1966,Russia,Polygender,"Calexico East - Class A, California - 2507",true
873111482,Lani,Linck,7/18/1958,Argentina,Genderqueer,"Nogales, Arizona - 2604",false
990163364,Buddy,Riches,4/6/1988,Russia,Agender,"Rio Grande City, Texas - 2307",true
790288280,Janna,Svanini,10/2/1985,Paraguay,Bigender,"Rio Grande City, Texas - 2307",true
517010968,Dermot,Rosin,10/17/1999,Palestinian Territory,Genderqueer,"Buffalo, New York - 0901",false
445906438,Masha,Jindrak,11/3/1956,Poland,Male,"Tucson, Arizona - 2609",false
251722907,Marjory,Ruddoch,11/12/1955,China,Genderqueer,"Calexico East - Class A, California - 2507",true
904249092,Raymund,Franek,2/25/1975,Indonesia,Non-binary,"Amarillo, Texas - 5502",false
421357913,Sibella,Kislingbury,12/16/1996,China,Non-binary,"Nogales, Arizona - 2604",true
760492929,Priscilla,Milburne,6/14/1985,Poland,Non-binary,"Buffalo, New York - 0901",true
809670591,Marys,De Rye Barrett,7/17/1951,Ukraine,Agender,"Rio Grande City, Texas - 2307",true
307774760,Hashim,Owenson,7/23/1975,Japan,Agender,"Buffalo, New York - 0901",true
713088072,Win,Minney,1/8/1983,Peru,Genderfluid,"Amarillo, Texas - 5502",true
611959775,Kessia,Shortt,6/7/1952,Russia,Genderfluid,"Amarillo, Texas - 5502",false
139608515,Pate,Aronstam,6/15/1975,Indonesia,Female,"Calexico East - Class A, California - 2507",false
859593413,Adham,Divine,12/10/1984,Brazil,Genderqueer,"Nogales, Arizona - 2604",true
608135299,Phyllys,Broadbear,9/1/1972,Brazil,Bigender,"Albuquerque, New Mexico - 2407",true
757108820,Kory,Emlin,8/7/1970,China,Genderfluid,"Buffalo, New York - 0901",true
413068578,Holden,Kikke,12/4/1975,Togo,Genderqueer,"Tucson, Arizona - 2609",true
461937280,Rube,Cockrem,7/27/1954,United States,Genderqueer,"Tucson, Arizona - 2609",true
687928507,Carie,Finnis,7/11/1994,Ukraine,Agender,"Calexico East - Class A, California - 2507",false
462778705,Jeanelle,Kesley,1/14/1979,Estonia,Female,"Amarillo, Texas - 5502",false
488953128,Christi,Kedge,5/11/1981,France,Genderqueer,"Amarillo, Texas - 5502",false
621875323,Cathryn,Wicklen,8/29/1988,China,Non-binary,"Tucson, Arizona - 2609",true
809921812,Sterling,Barkas,10/27/1962,Indonesia,Bigender,"Amarillo, Texas - 5502",true
991686072,Thebault,Rearie,1/12/1997,Azerbaijan,Non-binary,"Buffalo, New York - 0901",true
781804383,Nelle,Noor,6/27/1991,China,Polygender,"Buffalo, New York - 0901",false
961296947,Emlyn,Bloschke,1/1/1992,Venezuela,Agender,"Amarillo, Texas - 5502",true
300390092,Friedrich,Honack,4/10/1959,Brazil,Genderqueer,"Tucson, Arizona - 2609",false
230299871,Evelyn,Joysey,7/14/1974,Germany,Polygender,"Albuquerque, New Mexico - 2407",true
478334200,Hussein,Pracy,11/26/1972,China,Female,"Nogales, Arizona - 2604",false
874651211,Temple,Staniford,5/10/1953,Slovenia,Genderqueer,"Calexico East - Class A, California - 2507",true
813240171,Barney,Gorrissen,4/17/1951,Peru,Male,"Buffalo, New York - 0901",false
782934779,Steffie,Keitch,6/3/1951,Indonesia,Genderfluid,"Tucson, Arizona - 2609",false
959536393,Ingaberg,Pegden,7/24/1991,China,Genderfluid,"Amarillo, Texas - 5502",true
272997656,Suzy,Newcombe,5/16/1979,China,Non-binary,"Calexico East - Class A, California - 2507",false
490880850,Lenette,MacGillavery,5/10/1996,Peru,Bigender,"Rio Grande City, Texas - 2307",true
616773216,Sadie,Canto,5/18/1971,Central African Republic,Non-binary,"Calexico East - Class A, California - 2507",false
458949541,Ardisj,Oris,4/29/1984,Portugal,Female,"Buffalo, New York - 0901",false
276039336,Rance,Eagleton,11/23/1967,China,Bigender,"Amarillo, Texas - 5502",false
714987009,Helen-elizabeth,Ertelt,2/18/1962,China,Genderfluid,"Buffalo, New York - 0901",false
196506360,Storm,Parman,5/26/1964,China,Agender,"Albuquerque, New Mexico - 2407",true
703275305,Max,Bisterfeld,4/19/1979,Poland,Bigender,"Albuquerque, New Mexico - 2407",false
458564119,Anselma,Kobu,12/19/1967,China,Non-binary,"Tucson, Arizona - 2609",false
388951107,Janessa,Fullman,11/19/1975,Russia,Female,"Calexico East - Class A, California - 2507",true
157355935,Maurits,Snaith,5/21/1989,Somalia,Non-binary,"Nogales, Arizona - 2604",true
948628195,Godfree,Wormleighton,9/30/1982,Portugal,Non-binary,"Tucson, Arizona - 2609",false
319079793,Anatole,Cuss,12/12/1988,Australia,Genderfluid,"Rio Grande City, Texas - 2307",false
416278659,Cora,Briiginshaw,6/3/1990,Indonesia,Female,"Tucson, Arizona - 2609",false
385037130,Mattie,Glowacki,12/19/1951,Indonesia,Polygender,"Buffalo, New York - 0901",false
810588314,Sybyl,Maffia,8/31/1973,China,Bigender,"Albuquerque, New Mexico - 2407",true
351627158,Jodi,Sandwick,8/8/1972,Portugal,Non-binary,"Amarillo, Texas - 5502",false
795789640,Fredric,Nial,6/10/1989,Slovenia,Agender,"Rio Grande City, Texas - 2307",false
119631304,Christophorus,MacVagh,1/29/1995,Nigeria,Genderfluid,"Nogales, Arizona - 2604",false
961435976,Goldarina,Yerson,5/3/1980,China,Polygender,"Buffalo, New York - 0901",false
742276578,Elladine,Mayman,4/7/1979,Colombia,Male,"Nogales, Arizona - 2604",false
781491849,Brian,Platts,3/3/1960,France,Male,"Rio Grande City, Texas - 2307",false
447700675,Eda,Sones,7/29/1953,South Africa,Male,"Calexico East - Class A, California - 2507",true
222281068,Weidar,Collete,12/26/1991,Peru,Genderfluid,"Amarillo, Texas - 5502",false
373687083,Shayna,Twinborough,9/29/1967,Philippines,Polygender,"Albuquerque, New Mexico - 2407",true
679556872,Hyacinthe,Barbrook,3/17/1997,Russia,Bigender,"Amarillo, Texas - 5502",true
809186243,Tommy,Dunley,4/21/1977,Russia,Female,"Rio Grande City, Texas - 2307",false
851956667,Derril,Budd,10/18/1992,Czech Republic,Genderqueer,"Rio Grande City, Texas - 2307",true
693534078,Maddy,Mitchenson,1/24/1984,China,Non-binary,"Buffalo, New York - 0901",true
437852061,Archibaldo,Conroy,12/3/1972,Portugal,Polygender,"Nogales, Arizona - 2604",true
548006081,Edgardo,Mawhinney,3/20/1976,China,Female,"Tucson, Arizona - 2609",false
543784690,Marion,Grayley,2/12/1963,Curacao,Genderfluid,"Rio Grande City, Texas - 2307",true
613149122,Hiram,Lombard,9/29/1957,Syria,Agender,"Albuquerque, New Mexico - 2407",false
910470825,Farlay,McArthur,11/15/1986,Nigeria,Agender,"Tucson, Arizona - 2609",true
157482306,Paulita,Wasiel,8/24/1964,Philippines,Agender,"Amarillo, Texas - 5502",false
815883863,Sheila-kathryn,Frearson,9/11/1965,Israel,Agender,"Calexico East - Class A, California - 2507",false
476419904,Mavis,Trangmar,7/9/1987,China,Non-binary,"Tucson, Arizona - 2609",false
904667750,Greer,Yearsley,8/17/1955,Madagascar,Female,"Rio Grande City, Texas - 2307",true
567911560,Vinnie,MacGowing,11/9/1993,Cyprus,Genderfluid,"Albuquerque, New Mexico - 2407",true
704947339,Dawna,Lorinez,11/5/1973,Ireland,Female,"Albuquerque, New Mexico - 2407",true
811462364,Murray,Haily,3/19/1990,Russia,Male,"Nogales, Arizona - 2604",true
229243870,Hadria,Pickup,7/3/1970,Mexico,Non-binary,"Rio Grande City, Texas - 2307",true
709516895,Tonya,Ploughwright,10/27/1980,Indonesia,Genderfluid,"Rio Grande City, Texas - 2307",true
906867193,Cornall,Canepe,2/2/1970,United States,Bigender,"Calexico East - Class A, California - 2507",false
710866327,Dun,Spehr,6/4/1958,Indonesia,Genderqueer,"Amarillo, Texas - 5502",true
324815867,Denna,Mackstead,4/17/1951,China,Genderqueer,"Tucson, Arizona - 2609",false
765897494,Ely,Medlin,10/6/1971,Russia,Genderfluid,"Nogales, Arizona - 2604",false
461859300,Kevin,Furze,4/15/1965,Sweden,Bigender,"Albuquerque, New Mexico - 2407",true
570449103,Morey,Frier,6/24/1991,Argentina,Non-binary,"Buffalo, New York - 0901",false
732445372,Kaila,Beven,5/14/1990,Indonesia,Polygender,"Tucson, Arizona - 2609",false
692178548,Dedie,Doick,10/29/1990,Afghanistan,Bigender,"Albuquerque, New Mexico - 2407",true
225585014,Cate,Gong,1/14/1966,Indonesia,Bigender,"Albuquerque, New Mexico - 2407",true
656488682,Leonard,Furmston,3/27/1996,South Korea,Male,"Albuquerque, New Mexico - 2407",false
649578710,Zondra,Jelf,10/14/1990,Portugal,Agender,"Albuquerque, New Mexico - 2407",true
907293178,Kayley,Biaggi,9/29/1987,China,Female,"Albuquerque, New Mexico - 2407",false
326029544,Micki,Lace,6/23/1953,United States,Genderfluid,"Buffalo, New York - 0901",true
944313691,Tiffy,Geach,10/17/1977,Indonesia,Genderfluid,"Rio Grande City, Texas - 2307",false
175738357,Ferrell,Jendrassik,3/4/1984,East Timor,Male,"Nogales, Arizona - 2604",false
553436308,Raffarty,Rajchert,2/7/1962,Poland,Female,"Rio Grande City, Texas - 2307",false
864999985,Blinni,Mewha,7/16/1961,Israel,Non-binary,"Albuquerque, New Mexico - 2407",false
256956776,Nevins,Ollive,3/17/1969,Indonesia,Polygender,"Nogales, Arizona - 2604",false
837475660,Mylo,Robberecht,4/19/1981,Madagascar,Agender,"Tucson, Arizona - 2609",true
885031015,Urbain,Street,9/1/1957,Indonesia,Bigender,"Nogales, Arizona - 2604",true
305505387,Clair,Grisard,6/12/1991,China,Genderqueer,"Rio Grande City, Texas - 2307",false
117383750,Adelaida,Laister,4/25/1956,Indonesia,Non-binary,"Rio Grande City, Texas - 2307",true
799888465,Jeanelle,De Bruijn,9/26/1998,China,Non-binary,"Rio Grande City, Texas - 2307",true
632176614,Blisse,Kevis,4/15/1963,China,Genderqueer,"Albuquerque, New Mexico - 2407",false
586039181,Etty,Ryton,9/12/1971,Sweden,Genderfluid,"Albuquerque, New Mexico - 2407",true
371996169,Giulio,Yarnley,4/29/1967,Armenia,Polygender,"Calexico East - Class A, California - 2507",true
836810940,Pearce,Grice,1/9/1974,Greece,Polygender,"Tucson, Arizona - 2609",true
922970318,Tulley,Leftridge,4/4/1951,France,Bigender,"Amarillo, Texas - 5502",true
742756173,Bendite,Carwardine,8/29/1967,Pakistan,Non-binary,"Rio Grande City, Texas - 2307",true
767962920,Justina,Lechmere,12/9/1969,Philippines,Female,"Tucson, Arizona - 2609",false
217702002,Joni,Brodeur,1/4/1966,China,Genderfluid,"Rio Grande City, Texas - 2307",false
400461480,Gib,Prendeville,12/25/1977,Slovenia,Male,"Nogales, Arizona - 2604",true
212383623,Patrica,Kytley,7/10/1978,United States,Genderfluid,"Nogales, Arizona - 2604",true
269174292,Kyle,Yell,4/9/1950,Russia,Agender,"Calexico East - Class A, California - 2507",true
322415105,Casar,Harman,9/16/1982,Indonesia,Bigender,"Calexico East - Class A, California - 2507",true
673650940,Aloin,Thresh,10/27/1957,China,Genderfluid,"Tucson, Arizona - 2609",true
701164707,Cortie,Hirthe,7/12/1973,Russia,Agender,"Buffalo, New York - 0901",true
210720580,Aldrich,McGibbon,12/10/1971,Czech Republic,Non-binary,"Buffalo, New York - 0901",false
479581265,Peterus,Van Halen,10/30/1961,Indonesia,Male,"Albuquerque, New Mexico - 2407",false
243417599,Dara,Desson,2/23/1967,Portugal,Non-binary,"Rio Grande City, Texas - 2307",true
397963026,Jennie,Korlat,9/27/1966,China,Polygender,"Albuquerque, New Mexico - 2407",true
154690327,Martita,Dimeloe,12/16/1978,China,Genderqueer,"Amarillo, Texas - 5502",false
241998358,Tracy,Tuffell,6/2/1952,Croatia,Female,"Amarillo, Texas - 5502",true
568572207,Randi,Stag,4/12/1998,Philippines,Genderqueer,"Rio Grande City, Texas - 2307",true
750333103,Letitia,Marion,3/25/1956,Russia,Agender,"Rio Grande City, Texas - 2307",true
567383898,Mackenzie,Duffyn,8/23/1968,Ukraine,Agender,"Tucson, Arizona - 2609",false
934608478,Gail,Netti,7/21/1962,Canada,Genderqueer,"Albuquerque, New Mexico - 2407",true
696358000,North,Plenty,1/3/1966,South Africa,Female,"Albuquerque, New Mexico - 2407",true
471543970,Reginauld,Sibray,12/12/1997,France,Genderfluid,"Calexico East - Class A, California - 2507",true
985826367,Grayce,Affron,8/28/1965,France,Genderfluid,"Nogales, Arizona - 2604",false
741398343,Brandon,Ramelot,8/24/1953,Japan,Male,"Amarillo, Texas - 5502",false
151762138,Madeleine,Kleinschmidt,6/17/1968,United Kingdom,Non-binary,"Buffalo, New York - 0901",false
183718383,Brittani,Jack,12/14/1972,Palestinian Territory,Non-binary,"Tucson, Arizona - 2609",false
722957740,Alfons,Tremathack,3/16/1979,Bulgaria,Polygender,"Buffalo, New York - 0901",false
808036159,Lissi,Comberbeach,1/26/1981,Poland,Non-binary,"Nogales, Arizona - 2604",false
326166063,Donnie,Housden,11/3/1992,China,Female,"Tucson, Arizona - 2609",false
644658929,Luce,Ambrosetti,6/4/1999,Poland,Genderqueer,"Calexico East - Class A, California - 2507",true
608469817,Larissa,Sever,11/7/1965,Luxembourg,Agender,"Albuquerque, New Mexico - 2407",true
115227828,Keith,Deans,2/9/1996,Bulgaria,Bigender,"Amarillo, Texas - 5502",true
972508769,Nil,Parfrey,10/5/1976,Sweden,Female,"Amarillo, Texas - 5502",true
311717938,Mathe,Blakelock,1/7/1971,Malta,Bigender,"Albuquerque, New Mexico - 2407",true
713279124,Louie,O'Doran,3/2/1991,Sweden,Polygender,"Tucson, Arizona - 2609",true
845506976,Mel,Canti,7/6/1971,China,Genderqueer,"Rio Grande City, Texas - 2307",false
553793675,Michale,Milmith,7/6/1983,Nigeria,Polygender,"Calexico East - Class A, California - 2507",true
482076786,Margy,Doyley,4/10/1981,Sierra Leone,Male,"Buffalo, New York - 0901",true
803666624,Roslyn,McAvin,12/15/1972,Argentina,Bigender,"Nogales, Arizona - 2604",false
348152839,Gallard,Edwardson,7/11/1968,Russia,Agender,"Albuquerque, New Mexico - 2407",false
964854559,Pearla,Teligin,11/1/1950,China,Female,"Rio Grande City, Texas - 2307",false
216476257,Shara,Delepine,2/3/1977,France,Genderfluid,"Tucson, Arizona - 2609",false
634380710,Launce,Haycroft,4/10/1951,China,Polygender,"Nogales, Arizona - 2604",false
436042792,Clifford,Regenhardt,11/22/1980,Russia,Non-binary,"Rio Grande City, Texas - 2307",false
415055023,Marti,Adenet,12/2/1961,Indonesia,Non-binary,"Buffalo, New York - 0901",false
385115576,Jourdain,Whelan,8/19/1998,Zambia,Male,"Amarillo, Texas - 5502",false
744719550,Lothario,Peacey,8/18/1979,China,Bigender,"Rio Grande City, Texas - 2307",false
465672353,Corabelle,Back,1/31/1970,Philippines,Female,"Nogales, Arizona - 2604",true
693915199,Georgena,Lyst,5/26/1952,China,Bigender,"Tucson, Arizona - 2609",true
660472374,Pam,MacRury,7/1/1957,Russia,Male,"Calexico East - Class A, California - 2507",true
194899148,Thomasa,Heball,6/13/1991,Philippines,Male,"Calexico East - Class A, California - 2507",true
558290037,Bette-ann,Leap,8/1/1961,Philippines,Genderfluid,"Albuquerque, New Mexico - 2407",true
236089540,Antonetta,Krauss,3/13/1972,Brazil,Polygender,"Nogales, Arizona - 2604",true
284567295,Brandy,Cuvley,11/11/1990,Poland,Male,"Albuquerque, New Mexico - 2407",true
888679769,Sterne,Vint,12/31/1970,Russia,Male,"Tucson, Arizona - 2609",false
482794745,Stanfield,Alcoran,9/22/1950,Indonesia,Bigender,"Amarillo, Texas - 5502",false
526253699,Thoma,Wemm,1/10/1963,Indonesia,Genderqueer,"Calexico East - Class A, California - 2507",true
691861414,Durante,Andrzejewski,9/23/1980,Mexico,Genderqueer,"Tucson, Arizona - 2609",false
192702004,Elva,Trewhella,8/30/1973,Peru,Non-binary,"Rio Grande City, Texas - 2307",false
286519153,Averill,Stockdale,3/6/1988,Madagascar,Genderqueer,"Nogales, Arizona - 2604",true
649124110,Jacobo,Surcombe,12/23/1977,France,Genderqueer,"Calexico East - Class A, California - 2507",false
533830011,Sarge,Teodoro,6/3/1961,Sweden,Male,"Tucson, Arizona - 2609",false
209150475,Shannah,Lambricht,2/20/1961,Philippines,Bigender,"Amarillo, Texas - 5502",true
537395587,Colette,Chisnell,3/22/1981,China,Bigender,"Albuquerque, New Mexico - 2407",false
906475384,Edwin,Hodgon,3/13/1983,Russia,Polygender,"Albuquerque, New Mexico - 2407",false
815715084,Conn,Catley,12/16/1987,Peru,Female,"Nogales, Arizona - 2604",false
827074239,Rebeka,Micklewright,2/28/1976,China,Bigender,"Albuquerque, New Mexico - 2407",false
252404474,Dacia,Bruniges,4/30/1965,Portugal,Agender,"Tucson, Arizona - 2609",true
752020175,Roz,Pyrah,3/8/1962,Japan,Female,"Albuquerque, New Mexico - 2407",false
