Id,FirstName,LastName,Email,Phone,MobilePhone,Title,Salutation,MailingStreet,MailingCity,MailingPostalCode,MailingState,MailingCountry,Fax,AccountId,Handcrafted_for_eWRTS_Demo_Scenario__c,RecordTypeId,Account.Name,RecordType.DeveloperName
0033B00000ZBnmQQAT,Wakefield,Growden,wgrowdener@mashable.com,(601) 479-0151,(512) 103-3814,Editor,Honorable,97129 Stang Avenue,Meridian,39305,MS,US,+1 404 395 2123,0013B00000hYUijQAG,true,0123B000001dLeFQAU,State/Local/Other,eWRTS_Custom_Contact;Contact
0033B00000ZBnmRQAT,Corrine,Andriolli,candriollies@icio.us,(916) 545-0300,(562) 864-8846,Business Systems Development Analyst,Rev,2 Fulton Crossing,Sacramento,95865,CA,US,+1 718 462 9814,0013B00000hYUijQAG,true,0123B000001dLeFQAU,State/Local/Other,eWRTS_Custom_Contact;Contact
0033B00000ZBnmSQAT,Andonis,Order,aorderet@example.com,(502) 565-0545,(850) 400-4724,Analyst Programmer,Rev,01 Becker Hill,Louisville,40205,KY,US,+1 512 172 4893,0013B00000hYUikQAG,true,0123B000001dLeFQAU,US Citizenship and Immigration Services,eWRTS_Custom_Contact;Contact
0033B00000ZBnmTQAT,Merrel,Gotecliffe,mgotecliffeeu@jugem.jp,(352) 264-7340,(256) 215-9848,Budget/Accounting Analyst I,Dr,94472 Texas Alley,Ocala,34474,FL,US,+1 757 445 7542,0013B00000hYUilQAG,true,0123B000001dLeFQAU,US Immigration and Customs Enforcement,eWRTS_Custom_Contact;Contact
0033B00000ZBnmUQAT,Cassy,Giotto,cgiottoev@chicagotribune.com,(513) 988-5787,(952) 685-1584,Mechanical Systems Engineer,Ms,1 Bunting Crossing,Cincinnati,45218,OH,US,+1 619 643 4434,0013B00000hYUijQAG,true,0123B000001dLeFQAU,State/Local/Other,eWRTS_Custom_Contact;Contact
0033B00000ZBnmVQAT,Xerxes,Bithell,xbithellew@yandex.ru,(830) 427-0241,(718) 601-3202,Research Assistant IV,Ms,31211 Lawn Park,San Antonio,78255,TX,US,+1 616 916 5763,0013B00000hYUilQAG,true,0123B000001dLeFQAU,US Immigration and Customs Enforcement,eWRTS_Custom_Contact;Contact
0033B00000ZBnmWQAT,Bernelle,Pentelow,bpentelowex@usnews.com,(608) 744-7876,(816) 714-4283,Accounting Assistant IV,Rev,921 Bluestem Street,Madison,53726,WI,US,+1 313 739 1991,0013B00000hYUikQAG,true,0123B000001dLeFQAU,US Citizenship and Immigration Services,eWRTS_Custom_Contact;Contact
0033B00000ZBnmXQAT,Cynthy,Boulger,cboulgerey@aboutads.info,(267) 743-1572,(602) 514-3730,Internal Auditor,Dr,1119 Main Trail,Philadelphia,19120,PA,US,+1 786 890 0545,0013B00000hYUijQAG,true,0123B000001dLeFQAU,State/Local/Other,eWRTS_Custom_Contact;Contact
0033B00000ZBnmYQAT,Bethanne,Beadon,bbeadonez@sina.com.cn,(402) 267-2687,(210) 593-6495,Cost Accountant,Ms,4 Evergreen Plaza,Lincoln,68531,NE,US,+1 713 319 9588,0013B00000hYVm2QAG,true,0123B000001dLeFQAU,US Customs and Border Protection,eWRTS_Custom_Contact;Contact
0033B00000ZBnmZQAT,Phoebe,Comello,pcomellof0@fotki.com,(305) 552-1267,(978) 112-7886,Marketing Manager,Dr,5 Rutledge Trail,Miami,33134,FL,US,+1 801 884 7159,0013B00000hYUilQAG,true,0123B000001dLeFQAU,US Immigration and Customs Enforcement,eWRTS_Custom_Contact;Contact
0033B00000ZBnmaQAD,Timothy,Spear,tspearf1@gravatar.com,(713) 348-5385,(203) 427-8341,GIS Technical Architect,Rev,4 Forest Junction,Houston,77228,TX,US,+1 334 659 8990,0013B00000hYUikQAG,true,0123B000001dLeFQAU,US Citizenship and Immigration Services,eWRTS_Custom_Contact;Contact
0033B00000ZBnmbQAD,Patrizia,Dragoe,pdragoef2@dmoz.org,(713) 337-2105,(239) 321-6943,Compensation Analyst,Mrs,1299 Kropf Street,Arlington,76016,TX,US,+1 919 822 5582,0013B00000hYUilQAG,true,0123B000001dLeFQAU,US Immigration and Customs Enforcement,eWRTS_Custom_Contact;Contact
0033B00000ZBnmcQAD,Bea,Belbin,bbelbinf3@blogtalkradio.com,(314) 813-2961,(570) 439-3895,Quality Control Specialist,Mrs,882 Ohio Point,Saint Louis,63180,MO,US,+1 615 770 1546,0013B00000hYUijQAG,true,0123B000001dLeFQAU,State/Local/Other,eWRTS_Custom_Contact;Contact
0033B00000ZBnmdQAD,Johnathon,Widdison,jwiddisonf4@posterous.com,(808) 234-2622,(808) 754-3988,Technical Writer,Dr,53 Lien Way,Honolulu,96820,HI,US,+1 843 518 9122,0013B00000hYUikQAG,true,0123B000001dLeFQAU,US Citizenship and Immigration Services,eWRTS_Custom_Contact;Contact
0033B00000ZBnmeQAD,Mendy,Connealy,mconnealyf5@purevolume.com,(732) 735-0462,(901) 935-8913,Quality Control Specialist,Dr,9 Southridge Plaza,New Brunswick,08922,NJ,US,+1 702 443 7188,0013B00000hYUijQAG,true,0123B000001dLeFQAU,State/Local/Other,eWRTS_Custom_Contact;Contact
0033B00000ZBnmfQAD,Peri,Pearce,ppearcef6@arstechnica.com,(952) 452-0716,(602) 107-7380,Financial Advisor,Dr,0 Artisan Point,Saint Paul,55115,MN,US,+1 917 627 8177,0013B00000hYUijQAG,true,0123B000001dLeFQAU,State/Local/Other,eWRTS_Custom_Contact;Contact
0033B00000ZBnmgQAD,Arney,Coppenhall,acoppenhallf7@jimdo.com,(503) 734-2158,(225) 104-9684,Senior Cost Accountant,Ms,41537 Hollow Ridge Circle,Portland,97296,OR,US,+1 202 789 0998,0013B00000hYVm2QAG,true,0123B000001dLeFQAU,US Customs and Border Protection,eWRTS_Custom_Contact;Contact
0033B00000ZBnmhQAD,Sashenka,Ferriby,sferribyf8@naver.com,(918) 845-3657,(763) 215-1770,Desktop Support Technician,Mrs,351 Longview Point,Tulsa,74116,OK,US,+1 281 956 7638,0013B00000hYUijQAG,true,0123B000001dLeFQAU,State/Local/Other,eWRTS_Custom_Contact;Contact
0033B00000ZBnmOQAT,Timotheus,Arend,tarendep@senate.gov,(570) 842-9358,(516) 787-4990,Geologist II,Mr,5 Algoma Park,Scranton,18505,PA,US,+1 315 701 4183,0013B00000hYUilQAG,true,0123B000001dLeFQAU,US Immigration and Customs Enforcement,eWRTS_Custom_Contact;Contact
0033B00000ZBnmPQAT,Suzy,Dorant,sdoranteq@cam.ac.uk,(601) 204-6734,(941) 488-0246,Senior Developer,Rev,9775 Kennedy Pass,Jackson,39216,MS,US,+1 520 163 6518,0013B00000hYUilQAG,true,0123B000001dLeFQAU,US Immigration and Customs Enforcement,eWRTS_Custom_Contact;Contact
0033B00000ZBnmiQAD,Arri,Stapley,astapleyf9@yale.edu,(202) 986-8934,(808) 947-0257,Web Developer IV,Mrs,684 Division Terrace,Washington,20430,DC,US,+1 803 225 2024,0013B00000hYUikQAG,true,0123B000001dLeFQAU,US Citizenship and Immigration Services,eWRTS_Custom_Contact;Contact
0033B00000ZBnmjQAD,Bruis,Labat,blabatfa@reddit.com,(505) 907-8870,(502) 774-9149,Administrative Assistant IV,Mrs,90 Declaration Road,Albuquerque,87110,NM,US,+1 915 682 6255,0013B00000hYVm2QAG,true,0123B000001dLeFQAU,US Customs and Border Protection,eWRTS_Custom_Contact;Contact
0033B00000ZBnmkQAD,Vivyanne,Emma,vemmafb@github.io,(202) 330-1199,(646) 895-5925,Budget/Accounting Analyst IV,Ms,86493 Arrowood Alley,Washington,20046,DC,US,+1 702 213 4468,0013B00000hYUikQAG,true,0123B000001dLeFQAU,US Citizenship and Immigration Services,eWRTS_Custom_Contact;Contact
0033B00000ZBnmlQAD,Dona,Scholefield,dscholefieldfc@google.cn,(408) 712-2726,(202) 634-2508,Financial Advisor,Ms,63475 Dunning Drive,Sunnyvale,94089,CA,US,+1 512 781 3273,0013B00000hYUikQAG,true,0123B000001dLeFQAU,US Citizenship and Immigration Services,eWRTS_Custom_Contact;Contact
0033B00000ZBnmmQAD,Luigi,Jelly,ljellyfd@netscape.com,(541) 519-3298,(915) 650-2694,Assistant Professor,Honorable,88866 Muir Trail,Eugene,97405,OR,US,+1 713 608 1276,0013B00000hYUijQAG,true,0123B000001dLeFQAU,State/Local/Other,eWRTS_Custom_Contact;Contact
0033B00000ZBnmnQAD,Casar,Ingreda,cingredafe@slideshare.net,(217) 775-6547,(704) 406-4326,Financial Advisor,Honorable,55 Washington Drive,Champaign,61825,IL,US,+1 915 432 1240,0013B00000hYUikQAG,true,0123B000001dLeFQAU,US Citizenship and Immigration Services,eWRTS_Custom_Contact;Contact
0033B00000ZBnmoQAD,Marilin,Tibbetts,mtibbettsff@amazon.com,(970) 745-2263,(786) 795-5362,Nurse Practicioner,Honorable,0382 Mcbride Pass,Grand Junction,81505,CO,US,+1 234 358 0940,0013B00000hYUikQAG,true,0123B000001dLeFQAU,US Citizenship and Immigration Services,eWRTS_Custom_Contact;Contact
0033B00000ZBnmpQAD,Peadar,Keywood,pkeywoodfg@rakuten.co.jp,(651) 525-5687,(602) 808-3202,Actuary,Mrs,99983 Mosinee Place,Saint Paul,55188,MN,US,+1 267 488 3873,0013B00000hYUikQAG,true,0123B000001dLeFQAU,US Citizenship and Immigration Services,eWRTS_Custom_Contact;Contact
0033B00000ZBnmqQAD,Konrad,Mitroshinov,kmitroshinovfh@npr.org,(212) 836-4058,(309) 600-4861,Operator,Mrs,596 Sunbrook Center,New York City,10090,NY,US,+1 907 856 7088,0013B00000hYUilQAG,true,0123B000001dLeFQAU,US Immigration and Customs Enforcement,eWRTS_Custom_Contact;Contact
0033B00000ZBnmrQAD,Seward,Karpychev,skarpychevfi@japanpost.jp,(209) 392-8327,(301) 924-4055,Director of Sales,Honorable,73037 Shopko Park,Stockton,95219,CA,US,+1 309 596 1238,0013B00000hYVm2QAG,true,0123B000001dLeFQAU,US Customs and Border Protection,eWRTS_Custom_Contact;Contact
0033B00000ZBnmsQAD,Marne,Wrotchford,mwrotchfordfj@rambler.ru,(703) 565-3202,(765) 104-9875,Design Engineer,Honorable,25 Tennyson Alley,Washington,20041,DC,US,+1 786 683 8485,0013B00000hYUikQAG,true,0123B000001dLeFQAU,US Citizenship and Immigration Services,eWRTS_Custom_Contact;Contact
0033B00000ZBnmtQAD,Derward,Rippin,drippinfk@ed.gov,(615) 875-2154,(601) 148-5684,Teacher,Honorable,88740 Division Court,Murfreesboro,37131,TN,US,+1 812 692 6951,0013B00000hYVm2QAG,true,0123B000001dLeFQAU,US Customs and Border Protection,eWRTS_Custom_Contact;Contact
0033B00000ZBnmuQAD,Emlyn,Cometto,ecomettofl@pcworld.com,(713) 570-5982,(214) 700-6922,Design Engineer,Mrs,6103 Arkansas Point,Houston,77201,TX,US,+1 209 750 8706,0013B00000hYUikQAG,true,0123B000001dLeFQAU,US Citizenship and Immigration Services,eWRTS_Custom_Contact;Contact
0033B00000ZBnmvQAD,Florenza,Solomon,fsolomonfm@unc.edu,(928) 533-6022,(508) 763-1762,Professor,Mr,31107 5th Hill,Prescott,86305,AZ,US,+1 952 151 2345,0013B00000hYVm2QAG,true,0123B000001dLeFQAU,US Customs and Border Protection,eWRTS_Custom_Contact;Contact
0033B00000ZBnmwQAD,Grant,Mechi,gmechifn@aboutads.info,(540) 864-8209,(305) 884-5774,Dental Hygienist,Ms,9 Cody Lane,Roanoke,24020,VA,US,+1 330 779 2793,0013B00000hYUilQAG,true,0123B000001dLeFQAU,US Immigration and Customs Enforcement,eWRTS_Custom_Contact;Contact
0033B00000ZBnmxQAD,Merill,Lunt,mluntfo@alibaba.com,(727) 344-5385,(605) 467-2142,Civil Engineer,Mrs,3731 Valley Edge Junction,Clearwater,34615,FL,US,+1 850 934 9913,0013B00000hYUilQAG,true,0123B000001dLeFQAU,US Immigration and Customs Enforcement,eWRTS_Custom_Contact;Contact
0033B00000ZBnmyQAD,Becka,Harcus,bharcusfp@dropbox.com,(318) 110-7861,(803) 565-4097,Health Coach III,Ms,16 Old Gate Avenue,Monroe,71213,LA,US,+1 301 499 8979,0013B00000hYVm2QAG,true,0123B000001dLeFQAU,US Customs and Border Protection,eWRTS_Custom_Contact;Contact
0033B00000ZBnmzQAD,Derrek,Tolomio,dtolomiofq@abc.net.au,(314) 675-7456,(817) 829-2534,Analog Circuit Design manager,Ms,789 Bartillon Way,Saint Louis,63116,MO,US,+1 412 711 6802,0013B00000hYUilQAG,true,0123B000001dLeFQAU,US Immigration and Customs Enforcement,eWRTS_Custom_Contact;Contact
0033B00000ZBnn0QAD,Kore,D'Agostini,kdagostinifr@cbslocal.com,(503) 639-1665,(209) 782-1087,Account Representative I,Ms,20267 Mitchell Place,Salem,97306,OR,US,+1 952 952 5838,0013B00000hYVm2QAG,true,0123B000001dLeFQAU,US Customs and Border Protection,eWRTS_Custom_Contact;Contact
0033B00000ZBnn1QAD,Ludovico,Cripwell,lcripwellfs@altervista.org,(312) 878-6371,(318) 630-4481,Senior Sales Associate,Mrs,7 Declaration Drive,Chicago,60691,IL,US,+1 405 428 2964,0013B00000hYVm2QAG,true,0123B000001dLeFQAU,US Customs and Border Protection,eWRTS_Custom_Contact;Contact
0033B00000ZBnn2QAD,Clayton,Jatczak,cjatczakft@hugedomains.com,(202) 385-4841,(717) 691-6288,Data Coordiator,Honorable,0716 Moose Hill,Washington,20470,DC,US,+1 608 191 9811,0013B00000hYUijQAG,true,0123B000001dLeFQAU,State/Local/Other,eWRTS_Custom_Contact;Contact
0033B00000ZBnn3QAD,Lane,Nowaczyk,lnowaczykfu@vimeo.com,(256) 514-2980,(918) 191-4696,Chief Design Engineer,Mr,2 Logan Pass,Gadsden,35905,AL,US,+1 865 787 8423,0013B00000hYUikQAG,true,0123B000001dLeFQAU,US Citizenship and Immigration Services,eWRTS_Custom_Contact;Contact
0033B00000ZBnn4QAD,Sloane,Edelmann,sedelmannfv@mapquest.com,(913) 336-3582,(540) 463-4145,Senior Editor,Mr,595 Carberry Alley,Kansas City,66105,KS,US,+1 720 776 8003,0013B00000hYUikQAG,true,0123B000001dLeFQAU,US Citizenship and Immigration Services,eWRTS_Custom_Contact;Contact
0033B00000ZBnn5QAD,Cullan,Saturley,csaturleyfw@jalbum.net,(321) 435-8312,(714) 280-1805,Pharmacist,Mr,9308 Ruskin Avenue,Melbourne,32919,FL,US,+1 808 217 7000,0013B00000hYUilQAG,true,0123B000001dLeFQAU,US Immigration and Customs Enforcement,eWRTS_Custom_Contact;Contact
0033B00000ZBnn6QAD,Ivett,Jindacek,ijindacekfx@reverbnation.com,(203) 808-4629,(806) 650-1704,Analyst Programmer,Rev,1 Center Place,New Haven,06533,CT,US,+1 602 953 0170,0013B00000hYVm2QAG,true,0123B000001dLeFQAU,US Customs and Border Protection,eWRTS_Custom_Contact;Contact
0033B00000ZBnn7QAD,Ediva,Vernall,evernallfy@creativecommons.org,(347) 366-3785,(504) 749-7553,Health Coach IV,Dr,86942 Gateway Drive,New York City,10004,NY,US,+1 786 442 5580,0013B00000hYUikQAG,true,0123B000001dLeFQAU,US Citizenship and Immigration Services,eWRTS_Custom_Contact;Contact
0033B00000ZBnn8QAD,Inglis,MacCart,imaccartfz@naver.com,(209) 768-1237,(973) 966-4167,Teacher,Ms,362 Ronald Regan Parkway,Stockton,95210,CA,US,+1 719 566 6546,0013B00000hYVm2QAG,true,0123B000001dLeFQAU,US Customs and Border Protection,eWRTS_Custom_Contact;Contact
0033B00000ZBnn9QAD,Culley,Doxey,cdoxeyg0@state.gov,(719) 379-1854,(517) 500-8445,Environmental Specialist,Honorable,53651 Maple Wood Park,Colorado Springs,80995,CO,US,+1 601 557 3750,0013B00000hYVm2QAG,true,0123B000001dLeFQAU,US Customs and Border Protection,eWRTS_Custom_Contact;Contact
0033B00000ZBnnAQAT,Minnie,Whild,mwhildg1@nytimes.com,(303) 841-9130,(310) 731-9914,Account Executive,Rev,44308 Linden Plaza,Denver,80279,CO,US,+1 619 389 4856,0013B00000hYVm2QAG,true,0123B000001dLeFQAU,US Customs and Border Protection,eWRTS_Custom_Contact;Contact
0033B00000ZBnnBQAT,Monica,Stainbridge,mstainbridgeg2@blog.com,(510) 704-7909,(502) 170-0895,Administrative Assistant III,Mr,3 Michigan Hill,Oakland,94660,CA,US,+1 585 810 1057,0013B00000hYUilQAG,true,0123B000001dLeFQAU,US Immigration and Customs Enforcement,eWRTS_Custom_Contact;Contact
0033B00000ZBnnCQAT,Merrielle,Dilleway,mdillewayg3@macromedia.com,(330) 336-3335,(502) 556-1870,Actuary,Dr,88213 South Center,Canton,44720,OH,US,+1 843 447 6248,0013B00000hYVm2QAG,true,0123B000001dLeFQAU,US Customs and Border Protection,eWRTS_Custom_Contact;Contact
0033B00000ZBnnDQAT,Nikolaos,Borne,nborneg4@wikipedia.org,(402) 516-7417,(305) 227-3257,Assistant Manager,Ms,78 Hollow Ridge Parkway,Omaha,68134,NE,US,+1 213 272 3972,0013B00000hYUijQAG,true,0123B000001dLeFQAU,State/Local/Other,eWRTS_Custom_Contact;Contact
0033B00000ZBnnEQAT,Tarrance,Gareisr,tgareisrg5@weibo.com,(402) 490-8719,(215) 372-5971,Financial Analyst,Honorable,151 Burrows Center,Omaha,68117,NE,US,+1 315 708 1661,0013B00000hYUijQAG,true,0123B000001dLeFQAU,State/Local/Other,eWRTS_Custom_Contact;Contact
0033B00000ZBnnFQAT,Brock,Lamasna,blamasnag6@ning.com,(318) 775-9972,(509) 430-7003,Occupational Therapist,Mr,2 Hoepker Way,Shreveport,71161,LA,US,+1 303 956 5512,0013B00000hYUikQAG,true,0123B000001dLeFQAU,US Citizenship and Immigration Services,eWRTS_Custom_Contact;Contact
0033B00000ZBnnGQAT,Gipsy,Furmedge,gfurmedgeg7@google.co.uk,(915) 406-7985,(917) 605-9056,Recruiting Manager,Rev,63233 Daystar Pass,El Paso,79984,TX,US,+1 562 448 6009,0013B00000hYUikQAG,true,0123B000001dLeFQAU,US Citizenship and Immigration Services,eWRTS_Custom_Contact;Contact
0033B00000ZBnnHQAT,Vicky,Meddemmen,vmeddemmeng8@engadget.com,(910) 213-2127,(801) 266-3958,Financial Analyst,Mr,03018 West Point,Wilmington,28405,NC,US,+1 626 373 1834,0013B00000hYUikQAG,true,0123B000001dLeFQAU,US Citizenship and Immigration Services,eWRTS_Custom_Contact;Contact
0033B00000ZBnnIQAT,Rene,Pietri,rpietrig9@printfriendly.com,(917) 926-8950,(614) 201-4315,Administrative Officer,Mr,32462 Warner Drive,Jamaica,11447,NY,US,+1 612 559 9409,0013B00000hYUikQAG,true,0123B000001dLeFQAU,US Citizenship and Immigration Services,eWRTS_Custom_Contact;Contact
0033B00000ZBnnJQAT,Neely,Grindle,ngrindlega@webnode.com,(407) 262-9853,(316) 961-8838,Statistician III,Dr,376 Oak Valley Parkway,Orlando,32891,FL,US,+1 540 843 5493,0013B00000hYUilQAG,true,0123B000001dLeFQAU,US Immigration and Customs Enforcement,eWRTS_Custom_Contact;Contact
0033B00000ZBnnKQAT,Lotta,Bulleyn,lbulleyngb@google.ca,(907) 907-5141,(609) 110-3582,Environmental Specialist,Rev,63703 Moulton Junction,Anchorage,99599,AK,US,+1 907 430 2876,0013B00000hYUikQAG,true,0123B000001dLeFQAU,US Citizenship and Immigration Services,eWRTS_Custom_Contact;Contact
0033B00000ZBnnLQAT,Ethelyn,Betun,ebetungc@pen.io,(804) 433-8303,(904) 869-4206,Registered Nurse,Ms,814 Dorton Parkway,Richmond,23260,VA,US,+1 408 277 0777,0013B00000hYUijQAG,true,0123B000001dLeFQAU,State/Local/Other,eWRTS_Custom_Contact;Contact
0033B00000ZBnnMQAT,Willow,Hyams,whyamsgd@loc.gov,(469) 723-3198,(908) 251-6163,Social Worker,Rev,7 Westridge Center,Dallas,75205,TX,US,+1 937 813 4136,0013B00000hYUijQAG,true,0123B000001dLeFQAU,State/Local/Other,eWRTS_Custom_Contact;Contact
0033B00000ZBnnNQAT,Hal,Shemming,hshemmingge@smugmug.com,(773) 312-8229,(619) 562-7264,Analog Circuit Design manager,Rev,229 Grayhawk Street,Chicago,60619,IL,US,+1 912 403 7090,0013B00000hYVm2QAG,true,0123B000001dLeFQAU,US Customs and Border Protection,eWRTS_Custom_Contact;Contact
0033B00000ZBnnOQAT,Lorena,Cleft,lcleftgf@squarespace.com,(916) 633-0763,(267) 217-7169,VP Product Management,Honorable,52402 Kensington Avenue,Sacramento,94237,CA,US,+1 386 961 4192,0013B00000hYUikQAG,true,0123B000001dLeFQAU,US Citizenship and Immigration Services,eWRTS_Custom_Contact;Contact
0033B00000ZBnnPQAT,Beatrix,Hartington,bhartingtongg@hibu.com,(406) 191-4833,(412) 841-4450,Geological Engineer,Mrs,8 Oak Road,Bozeman,59771,MT,US,+1 212 480 5259,0013B00000hYUilQAG,true,0123B000001dLeFQAU,US Immigration and Customs Enforcement,eWRTS_Custom_Contact;Contact
0033B00000ZBnnQQAT,Wald,Reyne,wreynegh@merriam-webster.com,(480) 954-8346,(213) 270-8073,Structural Analysis Engineer,Dr,49290 Northview Drive,Mesa,85205,AZ,US,+1 501 164 7290,0013B00000hYUijQAG,true,0123B000001dLeFQAU,State/Local/Other,eWRTS_Custom_Contact;Contact
0033B00000ZBnnRQAT,Ninette,Dalwood,ndalwoodgi@tripod.com,(573) 406-3033,(334) 607-9675,Dental Hygienist,Ms,833 Elgar Court,Columbia,65218,MO,US,+1 405 294 9455,0013B00000hYUikQAG,true,0123B000001dLeFQAU,US Citizenship and Immigration Services,eWRTS_Custom_Contact;Contact
0033B00000ZBnnSQAT,Elroy,Henriques,ehenriquesgj@techcrunch.com,(208) 999-1848,(409) 473-3415,Food Chemist,Dr,8103 Northland Way,Boise,83757,ID,US,+1 217 336 8961,0013B00000hYUilQAG,true,0123B000001dLeFQAU,US Immigration and Customs Enforcement,eWRTS_Custom_Contact;Contact
0033B00000ZBnnTQAT,Estevan,O'Loughlin,eoloughlingk@zimbio.com,(402) 908-0541,(913) 349-5878,Project Manager,Honorable,49 Kingsford Drive,Omaha,68179,NE,US,+1 615 980 2569,0013B00000hYUikQAG,true,0123B000001dLeFQAU,US Citizenship and Immigration Services,eWRTS_Custom_Contact;Contact
0033B00000ZBnnUQAT,Samaria,Ilchenko,silchenkogl@discovery.com,(616) 807-1302,(304) 875-3564,Web Designer III,Ms,7231 Kinsman Plaza,Grand Rapids,49560,MI,US,+1 316 404 9510,0013B00000hYUijQAG,true,0123B000001dLeFQAU,State/Local/Other,eWRTS_Custom_Contact;Contact
0033B00000ZBnnVQAT,Orsa,Matevushev,omatevushevgm@so-net.ne.jp,(936) 479-4645,(973) 417-5162,Assistant Media Planner,Ms,47237 Cascade Center,Beaumont,77713,TX,US,+1 573 779 7857,0013B00000hYUijQAG,true,0123B000001dLeFQAU,State/Local/Other,eWRTS_Custom_Contact;Contact
0033B00000ZBnnWQAT,Leopold,McCorley,lmccorleygn@1und1.de,(320) 407-3812,(253) 418-7102,Graphic Designer,Honorable,21 Tennessee Way,Saint Cloud,56398,MN,US,+1 206 667 3572,0013B00000hYUikQAG,true,0123B000001dLeFQAU,US Citizenship and Immigration Services,eWRTS_Custom_Contact;Contact
0033B00000ZBnnXQAT,Goldia,Stucke,gstuckego@nhs.uk,(804) 497-4407,(864) 590-8783,Cost Accountant,Mr,80 Birchwood Alley,Richmond,23277,VA,US,+1 402 766 3808,0013B00000hYVm2QAG,true,0123B000001dLeFQAU,US Customs and Border Protection,eWRTS_Custom_Contact;Contact
0033B00000ZBnnYQAT,Anthea,Kynvin,akynvingp@bluehost.com,(202) 837-2293,(573) 166-7533,Safety Technician I,Mrs,6936 Sunnyside Alley,Washington,20520,DC,US,+1 810 222 4244,0013B00000hYUijQAG,true,0123B000001dLeFQAU,State/Local/Other,eWRTS_Custom_Contact;Contact
0033B00000ZBnnZQAT,Brian,McDoual,bmcdoualgq@goo.gl,(405) 565-5270,(251) 838-4699,Executive Secretary,Dr,555 Grover Drive,Oklahoma City,73157,OK,US,+1 713 841 6534,0013B00000hYVm2QAG,true,0123B000001dLeFQAU,US Customs and Border Protection,eWRTS_Custom_Contact;Contact
0033B00000ZBnnaQAD,Rurik,Nobes,rnobesgr@deviantart.com,(973) 989-3259,(253) 216-6865,Senior Quality Engineer,Mr,90157 Buhler Way,Newark,07104,NJ,US,+1 501 388 6615,0013B00000hYUijQAG,true,0123B000001dLeFQAU,State/Local/Other,eWRTS_Custom_Contact;Contact
0033B00000ZBnnbQAD,Debbie,Thomasset,dthomassetgs@yahoo.com,(217) 108-6717,(843) 203-7980,Sales Associate,Rev,837 Mendota Center,Springfield,62718,IL,US,+1 202 280 2822,0013B00000hYVm2QAG,true,0123B000001dLeFQAU,US Customs and Border Protection,eWRTS_Custom_Contact;Contact
0033B00000ZBnncQAD,Carolin,Chadwell,cchadwellgt@parallels.com,(864) 528-5245,(419) 372-4115,Occupational Therapist,Mr,9 Killdeer Way,Anderson,29625,SC,US,+1 609 160 5565,0013B00000hYUijQAG,true,0123B000001dLeFQAU,State/Local/Other,eWRTS_Custom_Contact;Contact
0033B00000ZBnndQAD,Frasier,Teague,fteaguegu@shutterfly.com,(763) 540-4813,(585) 536-9065,Automation Specialist III,Honorable,6716 Clyde Gallagher Parkway,Monticello,55585,MN,US,+1 803 693 4052,0013B00000hYVm2QAG,true,0123B000001dLeFQAU,US Customs and Border Protection,eWRTS_Custom_Contact;Contact
0033B00000ZBnneQAD,Belia,Chafney,bchafneygv@cbsnews.com,(571) 633-5164,(318) 415-1063,Recruiter,Mrs,71751 Spenser Trail,Arlington,22212,VA,US,+1 318 404 6297,0013B00000hYUilQAG,true,0123B000001dLeFQAU,US Immigration and Customs Enforcement,eWRTS_Custom_Contact;Contact
0033B00000ZBnnfQAD,Orelie,Dunthorne,odunthornegw@topsy.com,(805) 256-7480,(401) 495-4200,VP Sales,Ms,7548 Mosinee Hill,Oxnard,93034,CA,US,+1 617 498 6866,0013B00000hYUijQAG,true,0123B000001dLeFQAU,State/Local/Other,eWRTS_Custom_Contact;Contact
0033B00000ZBnngQAD,Aylmer,Vargas,avargasgx@seattletimes.com,(804) 263-0712,(586) 566-2215,Geologist II,Ms,088 Clove Parkway,Richmond,23208,VA,US,+1 757 482 2525,0013B00000hYUikQAG,true,0123B000001dLeFQAU,US Citizenship and Immigration Services,eWRTS_Custom_Contact;Contact
0033B00000ZBnnhQAD,Daniele,Grzeszczyk,dgrzeszczykgy@addthis.com,(502) 252-5958,(405) 125-5994,Human Resources Assistant II,Dr,82391 Sycamore Park,Frankfort,40618,KY,US,+1 818 539 2034,0013B00000hYUikQAG,true,0123B000001dLeFQAU,US Citizenship and Immigration Services,eWRTS_Custom_Contact;Contact
0033B00000ZBnniQAD,Aldridge,Francisco,afranciscogz@ovh.net,(205) 898-6560,(212) 219-4556,Programmer Analyst II,Ms,13 Sage Plaza,Birmingham,35244,AL,US,+1 516 286 9153,0013B00000hYUijQAG,true,0123B000001dLeFQAU,State/Local/Other,eWRTS_Custom_Contact;Contact
0033B00000ZBnnjQAD,Jarrod,Samett,jsametth0@paginegialle.it,(407) 948-1925,(623) 547-6438,Nuclear Power Engineer,Dr,02835 Steensland Circle,Orlando,32885,FL,US,+1 212 346 6415,0013B00000hYVm2QAG,true,0123B000001dLeFQAU,US Customs and Border Protection,eWRTS_Custom_Contact;Contact
0033B00000ZBnnkQAD,Pauly,Gibby,pgibbyh1@aboutads.info,(603) 983-3861,(337) 704-3260,Software Consultant,Mr,2942 Lakeland Crossing,Manchester,03105,NH,US,+1 281 437 2110,0013B00000hYUilQAG,true,0123B000001dLeFQAU,US Immigration and Customs Enforcement,eWRTS_Custom_Contact;Contact
0033B00000ZBnnlQAD,Carolina,Yewdale,cyewdaleh2@github.com,(801) 995-1118,(678) 347-6348,Sales Associate,Dr,08663 Marcy Way,Ogden,84403,UT,US,+1 608 314 2208,0013B00000hYVm2QAG,true,0123B000001dLeFQAU,US Customs and Border Protection,eWRTS_Custom_Contact;Contact
0033B00000ZBnnmQAD,Lacie,Hacard,lhacardh3@e-recht24.de,(515) 202-0333,(412) 518-8043,Programmer Analyst III,Ms,5933 Forest Run Avenue,Des Moines,50330,IA,US,+1 707 169 6177,0013B00000hYUijQAG,true,0123B000001dLeFQAU,State/Local/Other,eWRTS_Custom_Contact;Contact
0033B00000ZBnnnQAD,Rowena,Giraudel,rgiraudelh4@netvibes.com,(321) 683-9529,(209) 457-9257,Data Coordiator,Mr,3938 Hansons Plaza,Melbourne,32941,FL,US,+1 716 978 7259,0013B00000hYUijQAG,true,0123B000001dLeFQAU,State/Local/Other,eWRTS_Custom_Contact;Contact
0033B00000ZBnnoQAD,Ricky,Trewin,rtrewinh5@amazon.co.uk,(714) 690-5786,(412) 785-5076,Assistant Media Planner,Ms,9 Shasta Center,Santa Ana,92725,CA,US,+1 617 674 6883,0013B00000hYUijQAG,true,0123B000001dLeFQAU,State/Local/Other,eWRTS_Custom_Contact;Contact
0033B00000ZBnnpQAD,Myrle,Beacham,mbeachamh6@163.com,(212) 264-5911,(215) 580-0092,Accountant I,Mr,664 Myrtle Avenue,Brooklyn,11254,NY,US,+1 253 542 1715,0013B00000hYUilQAG,true,0123B000001dLeFQAU,US Immigration and Customs Enforcement,eWRTS_Custom_Contact;Contact
0033B00000ZBnnqQAD,Ted,Iacovazzi,tiacovazzih7@wikispaces.com,(320) 426-8883,(571) 309-2996,Staff Scientist,Dr,75 Sutteridge Park,Saint Cloud,56398,MN,US,+1 208 297 6146,0013B00000hYVm2QAG,true,0123B000001dLeFQAU,US Customs and Border Protection,eWRTS_Custom_Contact;Contact
0033B00000ZBnnrQAD,Pet,Kop,pkoph8@cnet.com,(408) 800-0461,(661) 424-5501,Staff Scientist,Honorable,8564 Trailsway Lane,San Jose,95128,CA,US,+1 202 205 6159,0013B00000hYUikQAG,true,0123B000001dLeFQAU,US Citizenship and Immigration Services,eWRTS_Custom_Contact;Contact
0033B00000ZBnnsQAD,Sallyann,Gerling,sgerlingh9@abc.net.au,(504) 853-8832,(954) 132-5400,Occupational Therapist,Rev,258 Welch Pass,New Orleans,70142,LA,US,+1 314 230 5257,0013B00000hYUijQAG,true,0123B000001dLeFQAU,State/Local/Other,eWRTS_Custom_Contact;Contact
0033B00000ZBnntQAD,Gabi,Drinkhill,gdrinkhillha@zdnet.com,(501) 188-2339,(251) 714-8540,Operator,Dr,80670 Fremont Avenue,Little Rock,72209,AR,US,+1 315 436 0355,0013B00000hYUilQAG,true,0123B000001dLeFQAU,US Immigration and Customs Enforcement,eWRTS_Custom_Contact;Contact
0033B00000ZBnnuQAD,Andrea,Girardeau,agirardeauhb@cnet.com,(501) 615-8196,(916) 251-5840,Food Chemist,Honorable,827 Trailsway Road,Little Rock,72231,AR,US,+1 864 110 7847,0013B00000hYUilQAG,true,0123B000001dLeFQAU,US Immigration and Customs Enforcement,eWRTS_Custom_Contact;Contact
0033B00000ZBnnvQAD,Diahann,Syde,dsydehc@tinypic.com,(859) 246-3761,(559) 488-0399,Nurse Practicioner,Dr,12 Delladonna Alley,Lexington,40515,KY,US,+1 323 863 6344,0013B00000hYUijQAG,true,0123B000001dLeFQAU,State/Local/Other,eWRTS_Custom_Contact;Contact
0033B00000ZBnnwQAD,Ellyn,Quennell,equennellhd@scribd.com,(205) 265-9624,(206) 884-0304,Geologist IV,Rev,2724 Maple Wood Avenue,Birmingham,35231,AL,US,+1 404 420 5689,0013B00000hYUikQAG,true,0123B000001dLeFQAU,US Citizenship and Immigration Services,eWRTS_Custom_Contact;Contact
0033B00000ZBnnxQAD,Alleyn,Abbs,aabbshe@devhub.com,(515) 468-0591,(717) 724-3275,Pharmacist,Rev,943 Alpine Crossing,Des Moines,50936,IA,US,+1 502 596 3127,0013B00000hYUilQAG,true,0123B000001dLeFQAU,US Immigration and Customs Enforcement,eWRTS_Custom_Contact;Contact
0033B00000ZBnnyQAD,Grannie,Petrozzi,gpetrozzihf@tinypic.com,(203) 918-1854,(706) 996-9390,Geologist I,Ms,943 Daystar Point,Danbury,06816,CT,US,+1 310 606 7607,0013B00000hYUikQAG,true,0123B000001dLeFQAU,US Citizenship and Immigration Services,eWRTS_Custom_Contact;Contact
